offerId,name,now,剩余视频类建议
jz-43c4a1-3989854024,,63,FIRST_VIDEO_SIZE(+2); FIRST_VIDEO_LENGTH(+2); AVERAGE_VIDEO_SIZE(+2); VIDEO_COUNT(+2)
jz-74no4j-4373210704,,62,FIRST_VIDEO_SIZE(+2); FIRST_VIDEO_LENGTH(+2); AVERAGE_VIDEO_SIZE(+2); VIDEO_COUNT(+2)
jz-2608156czu-5434366857,,69,FIRST_VIDEO_SIZE(+2); FIRST_VIDEO_LENGTH(+2); AVERAGE_VIDEO_SIZE(+2); VIDEO_COUNT(+2)
jz-74no4j-4209730086,,66,FIRST_VIDEO_SIZE(+2); FIRST_VIDEO_LENGTH(+2); AVERAGE_VIDEO_SIZE(+2); VIDEO_COUNT(+2)
jz-2nf96y-3985003257,,46,FIRST_VIDEO_SIZE(+2); FIRST_VIDEO_LENGTH(+2); AVERAGE_VIDEO_SIZE(+2); VIDEO_COUNT(+2)
GYS-fq6f2z-4615699926,,31,FIRST_VIDEO_SIZE(+2); FIRST_VIDEO_LENGTH(+2); AVERAGE_VIDEO_SIZE(+2); VIDEO_COUNT(+2)
jz-260803cn42-5219380044,,69,FIRST_VIDEO_SIZE(+2); FIRST_VIDEO_LENGTH(+2); AVERAGE_VIDEO_SIZE(+2); VIDEO_COUNT(+2)
jz-bl4yse-4510686580,,56,FIRST_VIDEO_SIZE(+2); FIRST_VIDEO_LENGTH(+2); AVERAGE_VIDEO_SIZE(+2); VIDEO_COUNT(+2)
LZ-5wxmmp-5131474742,,69,FIRST_VIDEO_SIZE(+2); FIRST_VIDEO_LENGTH(+2); AVERAGE_VIDEO_SIZE(+2); VIDEO_COUNT(+2)
GYS-fq6f2z-4615873227,,32,FIRST_VIDEO_SIZE(+2); FIRST_VIDEO_LENGTH(+2); AVERAGE_VIDEO_SIZE(+2); VIDEO_COUNT(+2)
LZ01-3153456655,,55,FIRST_VIDEO_SIZE(+2); FIRST_VIDEO_LENGTH(+2); AVERAGE_VIDEO_SIZE(+2); VIDEO_COUNT(+2)
GYS-fq6f2z-4553124196,,33,FIRST_VIDEO_SIZE(+2); FIRST_VIDEO_LENGTH(+2); AVERAGE_VIDEO_SIZE(+2); VIDEO_COUNT(+2)
jz-5iiqgn-3879357364,,61,FIRST_VIDEO_SIZE(+2); FIRST_VIDEO_LENGTH(+2); AVERAGE_VIDEO_SIZE(+2); VIDEO_COUNT(+2)
jz-v6j4ej-4892018892,,79,FIRST_VIDEO_SIZE(+2); FIRST_VIDEO_LENGTH(+2); AVERAGE_VIDEO_SIZE(+2); VIDEO_COUNT(+2)
LZ-5wxmmp-4797066763,,68,FIRST_VIDEO_SIZE(+2); FIRST_VIDEO_LENGTH(+2); AVERAGE_VIDEO_SIZE(+2); VIDEO_COUNT(+2)
LZ-5wxmmp-4932050925,,53,FIRST_VIDEO_SIZE(+2); FIRST_VIDEO_LENGTH(+2); AVERAGE_VIDEO_SIZE(+2); VIDEO_COUNT(+2)
LZ01-3700237250,,72,FIRST_VIDEO_SIZE(+2); FIRST_VIDEO_LENGTH(+2); AVERAGE_VIDEO_SIZE(+2); VIDEO_COUNT(+2)
GYS-fq6f2z-3659202919,,58,FIRST_VIDEO_SIZE(+2); FIRST_VIDEO_LENGTH(+2); AVERAGE_VIDEO_SIZE(+2); VIDEO_COUNT(+2)
GYS-fq6f2z-4553677981,,34,FIRST_VIDEO_SIZE(+2); FIRST_VIDEO_LENGTH(+2); AVERAGE_VIDEO_SIZE(+2); VIDEO_COUNT(+2)
jz-260811hiq7-2670822183,,71,FIRST_VIDEO_SIZE(+2); FIRST_VIDEO_LENGTH(+2); AVERAGE_VIDEO_SIZE(+2); VIDEO_COUNT(+2)
LZ-f2484t-5258063832,,34,FIRST_VIDEO_SIZE(+2); FIRST_VIDEO_LENGTH(+2); AVERAGE_VIDEO_SIZE(+2); VIDEO_COUNT(+2)
2964996732-Yg2K,,75,FIRST_VIDEO_SIZE(+2); FIRST_VIDEO_LENGTH(+2); AVERAGE_VIDEO_SIZE(+2); VIDEO_COUNT(+2)
GYS260908v69a-5090920443,,60,FIRST_VIDEO_SIZE(+2); FIRST_VIDEO_LENGTH(+2); AVERAGE_VIDEO_SIZE(+2); VIDEO_COUNT(+2)
jz-2nf96y-4687001659,,67,FIRST_VIDEO_SIZE(+2); FIRST_VIDEO_LENGTH(+2); AVERAGE_VIDEO_SIZE(+2); VIDEO_COUNT(+2)
jz-74no4j-3561354696,,73,FIRST_VIDEO_SIZE(+2); FIRST_VIDEO_LENGTH(+2); AVERAGE_VIDEO_SIZE(+2); VIDEO_COUNT(+2)
jz-ydp9z9-3416299746,,35,FIRST_VIDEO_SIZE(+2); FIRST_VIDEO_LENGTH(+2); AVERAGE_VIDEO_SIZE(+2); VIDEO_COUNT(+2)
LZ-3515392694,,62,FIRST_VIDEO_SIZE(+2); FIRST_VIDEO_LENGTH(+2); AVERAGE_VIDEO_SIZE(+2); VIDEO_COUNT(+2)
LZ01-3797802382,,66,FIRST_VIDEO_SIZE(+2); FIRST_VIDEO_LENGTH(+2); AVERAGE_VIDEO_SIZE(+2); VIDEO_COUNT(+2)
GYS-fq6f2z-4552954169,,36,FIRST_VIDEO_SIZE(+2); FIRST_VIDEO_LENGTH(+2); AVERAGE_VIDEO_SIZE(+2); VIDEO_COUNT(+2)
GYS-fq6f2z-4553759892,,36,FIRST_VIDEO_SIZE(+2); FIRST_VIDEO_LENGTH(+2); AVERAGE_VIDEO_SIZE(+2); VIDEO_COUNT(+2)
GYS-fq6f2z-4553799505,,36,FIRST_VIDEO_SIZE(+2); FIRST_VIDEO_LENGTH(+2); AVERAGE_VIDEO_SIZE(+2); VIDEO_COUNT(+2)
jz-dh3dbz-4007177956,,64,FIRST_VIDEO_SIZE(+2); FIRST_VIDEO_LENGTH(+2); AVERAGE_VIDEO_SIZE(+2); VIDEO_COUNT(+2)
jz-wfvstx-2842818026,,71,FIRST_VIDEO_SIZE(+2); FIRST_VIDEO_LENGTH(+2); AVERAGE_VIDEO_SIZE(+2); VIDEO_COUNT(+2)
LZ-5wxmmp-4901190632,,64,FIRST_VIDEO_SIZE(+2); FIRST_VIDEO_LENGTH(+2); AVERAGE_VIDEO_SIZE(+2); VIDEO_COUNT(+2)
YCXP-l342yy-3585904163,,79,FIRST_VIDEO_SIZE(+2); FIRST_VIDEO_LENGTH(+2); AVERAGE_VIDEO_SIZE(+2); VIDEO_COUNT(+2)
3149800169-B17G,,78,FIRST_VIDEO_SIZE(+2); FIRST_VIDEO_LENGTH(+2); AVERAGE_VIDEO_SIZE(+2); VIDEO_COUNT(+2)
3211609218-Wlxa,,64,FIRST_VIDEO_SIZE(+2); FIRST_VIDEO_LENGTH(+2); AVERAGE_VIDEO_SIZE(+2); VIDEO_COUNT(+2)
GYS-8jlgyl-3939969235,,73,FIRST_VIDEO_SIZE(+2); FIRST_VIDEO_LENGTH(+2); AVERAGE_VIDEO_SIZE(+2); VIDEO_COUNT(+2)
GYS-fq6f2z-4553961667,,37,FIRST_VIDEO_SIZE(+2); FIRST_VIDEO_LENGTH(+2); AVERAGE_VIDEO_SIZE(+2); VIDEO_COUNT(+2)
GYS-fq6f2z-4616292549,,37,FIRST_VIDEO_SIZE(+2); FIRST_VIDEO_LENGTH(+2); AVERAGE_VIDEO_SIZE(+2); VIDEO_COUNT(+2)
GYS-vhijp3-5099888679,,73,FIRST_VIDEO_SIZE(+2); FIRST_VIDEO_LENGTH(+2); AVERAGE_VIDEO_SIZE(+2); VIDEO_COUNT(+2)
GYS-vhijp3-5099889862,,72,FIRST_VIDEO_SIZE(+2); FIRST_VIDEO_LENGTH(+2); AVERAGE_VIDEO_SIZE(+2); VIDEO_COUNT(+2)
jz-74no4j-2087335319,,74,FIRST_VIDEO_SIZE(+2); FIRST_VIDEO_LENGTH(+2); AVERAGE_VIDEO_SIZE(+2); VIDEO_COUNT(+2)
jz-v6j4ej-4846465363,,68,FIRST_VIDEO_SIZE(+2); FIRST_VIDEO_LENGTH(+2); AVERAGE_VIDEO_SIZE(+2); VIDEO_COUNT(+2)
jz-wfvstx-5144854901,,69,FIRST_VIDEO_SIZE(+2); FIRST_VIDEO_LENGTH(+2); AVERAGE_VIDEO_SIZE(+2); VIDEO_COUNT(+2)
LZ01-3415413161,,59,FIRST_VIDEO_SIZE(+2); FIRST_VIDEO_LENGTH(+2); AVERAGE_VIDEO_SIZE(+2); VIDEO_COUNT(+2)
LZ01-3521599428,,64,FIRST_VIDEO_SIZE(+2); FIRST_VIDEO_LENGTH(+2); AVERAGE_VIDEO_SIZE(+2); VIDEO_COUNT(+2)
2116206499-jOkn,,79,FIRST_VIDEO_SIZE(+2); FIRST_VIDEO_LENGTH(+2); AVERAGE_VIDEO_SIZE(+2); VIDEO_COUNT(+2)
GYS-vhijp3-4742394697,,62,FIRST_VIDEO_SIZE(+2); FIRST_VIDEO_LENGTH(+2); AVERAGE_VIDEO_SIZE(+2); VIDEO_COUNT(+2)
jz-260728cs42-4799306061,,70,FIRST_VIDEO_SIZE(+2); FIRST_VIDEO_LENGTH(+2); AVERAGE_VIDEO_SIZE(+2); VIDEO_COUNT(+2)
jz-260811hiq7-2670742764,,75,FIRST_VIDEO_SIZE(+2); FIRST_VIDEO_LENGTH(+2); AVERAGE_VIDEO_SIZE(+2); VIDEO_COUNT(+2)
jz-260811hiq7-2670742773,,73,FIRST_VIDEO_SIZE(+2); FIRST_VIDEO_LENGTH(+2); AVERAGE_VIDEO_SIZE(+2); VIDEO_COUNT(+2)
jz-260811hiq7-2670742802,,72,FIRST_VIDEO_SIZE(+2); FIRST_VIDEO_LENGTH(+2); AVERAGE_VIDEO_SIZE(+2); VIDEO_COUNT(+2)
jz-260811hiq7-2670742898,,75,FIRST_VIDEO_SIZE(+2); FIRST_VIDEO_LENGTH(+2); AVERAGE_VIDEO_SIZE(+2); VIDEO_COUNT(+2)
jz-260811hiq7-2670743136,,75,FIRST_VIDEO_SIZE(+2); FIRST_VIDEO_LENGTH(+2); AVERAGE_VIDEO_SIZE(+2); VIDEO_COUNT(+2)
jz-260811hiq7-2670743549,,75,FIRST_VIDEO_SIZE(+2); FIRST_VIDEO_LENGTH(+2); AVERAGE_VIDEO_SIZE(+2); VIDEO_COUNT(+2)
jz-260811hiq7-2670743683,,77,FIRST_VIDEO_SIZE(+2); FIRST_VIDEO_LENGTH(+2); AVERAGE_VIDEO_SIZE(+2); VIDEO_COUNT(+2)
jz-260811hiq7-2670744596,,75,FIRST_VIDEO_SIZE(+2); FIRST_VIDEO_LENGTH(+2); AVERAGE_VIDEO_SIZE(+2); VIDEO_COUNT(+2)
jz-260811hiq7-2670746114,,75,FIRST_VIDEO_SIZE(+2); FIRST_VIDEO_LENGTH(+2); AVERAGE_VIDEO_SIZE(+2); VIDEO_COUNT(+2)
jz-260811hiq7-2670749886,,77,FIRST_VIDEO_SIZE(+2); FIRST_VIDEO_LENGTH(+2); AVERAGE_VIDEO_SIZE(+2); VIDEO_COUNT(+2)
jz-260811hiq7-2670750638,,75,FIRST_VIDEO_SIZE(+2); FIRST_VIDEO_LENGTH(+2); AVERAGE_VIDEO_SIZE(+2); VIDEO_COUNT(+2)
jz-260811hiq7-3711915302,,77,FIRST_VIDEO_SIZE(+2); FIRST_VIDEO_LENGTH(+2); AVERAGE_VIDEO_SIZE(+2); VIDEO_COUNT(+2)
jz-260811hiq7-3711915587,,77,FIRST_VIDEO_SIZE(+2); FIRST_VIDEO_LENGTH(+2); AVERAGE_VIDEO_SIZE(+2); VIDEO_COUNT(+2)
jz-mn9jc2-2438830396,,58,FIRST_VIDEO_SIZE(+2); FIRST_VIDEO_LENGTH(+2); AVERAGE_VIDEO_SIZE(+2); VIDEO_COUNT(+2)
jz-ra4xyb-4315952972,,71,FIRST_VIDEO_SIZE(+2); FIRST_VIDEO_LENGTH(+2); AVERAGE_VIDEO_SIZE(+2); VIDEO_COUNT(+2)
jz-wfvstx-4301508006,,67,FIRST_VIDEO_SIZE(+2); FIRST_VIDEO_LENGTH(+2); AVERAGE_VIDEO_SIZE(+2); VIDEO_COUNT(+2)
jz-wfvstx-4301587457,,77,FIRST_VIDEO_SIZE(+2); FIRST_VIDEO_LENGTH(+2); AVERAGE_VIDEO_SIZE(+2); VIDEO_COUNT(+2)
jz-wfvstx-4301699757,,77,FIRST_VIDEO_SIZE(+2); FIRST_VIDEO_LENGTH(+2); AVERAGE_VIDEO_SIZE(+2); VIDEO_COUNT(+2)
jz-wfvstx-5143748015,,72,FIRST_VIDEO_SIZE(+2); FIRST_VIDEO_LENGTH(+2); AVERAGE_VIDEO_SIZE(+2); VIDEO_COUNT(+2)
YCXP-l342yy-3119072834,,38,FIRST_VIDEO_SIZE(+2); FIRST_VIDEO_LENGTH(+2); AVERAGE_VIDEO_SIZE(+2); VIDEO_COUNT(+2)
GYS-fq6f2z-3057483785,,39,FIRST_VIDEO_SIZE(+2); FIRST_VIDEO_LENGTH(+2); AVERAGE_VIDEO_SIZE(+2); VIDEO_COUNT(+2)
GYS-fq6f2z-3057497027,,39,FIRST_VIDEO_SIZE(+2); FIRST_VIDEO_LENGTH(+2); AVERAGE_VIDEO_SIZE(+2); VIDEO_COUNT(+2)
GYS-fq6f2z-3057497549,,39,FIRST_VIDEO_SIZE(+2); FIRST_VIDEO_LENGTH(+2); AVERAGE_VIDEO_SIZE(+2); VIDEO_COUNT(+2)
GYS-fq6f2z-4615620705,,39,FIRST_VIDEO_SIZE(+2); FIRST_VIDEO_LENGTH(+2); AVERAGE_VIDEO_SIZE(+2); VIDEO_COUNT(+2)
GYS2608211hfp-5427175729,,65,FIRST_VIDEO_SIZE(+2); FIRST_VIDEO_LENGTH(+2); AVERAGE_VIDEO_SIZE(+2); VIDEO_COUNT(+2)
GYS260908v69a-5090922931,,74,FIRST_VIDEO_SIZE(+2); FIRST_VIDEO_LENGTH(+2); AVERAGE_VIDEO_SIZE(+2); VIDEO_COUNT(+2)
jz-63ha0a-3582585986,,39,FIRST_VIDEO_SIZE(+2); FIRST_VIDEO_LENGTH(+2); AVERAGE_VIDEO_SIZE(+2); VIDEO_COUNT(+2)
jz-93mo1m-4998741619,,59,FIRST_VIDEO_SIZE(+2); FIRST_VIDEO_LENGTH(+2); AVERAGE_VIDEO_SIZE(+2); VIDEO_COUNT(+2)
jz-93mo1m-4999648072,,76,FIRST_VIDEO_SIZE(+2); FIRST_VIDEO_LENGTH(+2); AVERAGE_VIDEO_SIZE(+2); VIDEO_COUNT(+2)
jz-wfvstx-3552652076,,78,FIRST_VIDEO_SIZE(+2); FIRST_VIDEO_LENGTH(+2); AVERAGE_VIDEO_SIZE(+2); VIDEO_COUNT(+2)
jz-wfvstx-5201012522,,63,FIRST_VIDEO_SIZE(+2); FIRST_VIDEO_LENGTH(+2); AVERAGE_VIDEO_SIZE(+2); VIDEO_COUNT(+2)
jz-wfvstx-5224600752,,78,FIRST_VIDEO_SIZE(+2); FIRST_VIDEO_LENGTH(+2); AVERAGE_VIDEO_SIZE(+2); VIDEO_COUNT(+2)
jz-wfvstx-5561954586,,73,FIRST_VIDEO_SIZE(+2); FIRST_VIDEO_LENGTH(+2); AVERAGE_VIDEO_SIZE(+2); VIDEO_COUNT(+2)
jz-ydp9z9-2266770360,,69,FIRST_VIDEO_SIZE(+2); FIRST_VIDEO_LENGTH(+2); AVERAGE_VIDEO_SIZE(+2); VIDEO_COUNT(+2)
LZ-00mkoz-3585904163,,39,FIRST_VIDEO_SIZE(+2); FIRST_VIDEO_LENGTH(+2); AVERAGE_VIDEO_SIZE(+2); VIDEO_COUNT(+2)
LZ-puuvyc-5155741591,,78,FIRST_VIDEO_SIZE(+2); FIRST_VIDEO_LENGTH(+2); AVERAGE_VIDEO_SIZE(+2); VIDEO_COUNT(+2)
MzQwMzc-3VPSSIJ3,,71,FIRST_VIDEO_SIZE(+2); FIRST_VIDEO_LENGTH(+2); AVERAGE_VIDEO_SIZE(+2); VIDEO_COUNT(+2)
B20260512-002-0005R,,79,FIRST_VIDEO_SIZE(+2); FIRST_VIDEO_LENGTH(+2); AVERAGE_VIDEO_SIZE(+2); VIDEO_COUNT(+2)
GYS-fq6f2z-4616737293,,40,FIRST_VIDEO_SIZE(+2); FIRST_VIDEO_LENGTH(+2); AVERAGE_VIDEO_SIZE(+2); VIDEO_COUNT(+2)
jz-74no4j-3399738004,,72,FIRST_VIDEO_SIZE(+2); FIRST_VIDEO_LENGTH(+2); AVERAGE_VIDEO_SIZE(+2); VIDEO_COUNT(+2)
jz-74no4j-4284339946,,67,FIRST_VIDEO_SIZE(+2); FIRST_VIDEO_LENGTH(+2); AVERAGE_VIDEO_SIZE(+2); VIDEO_COUNT(+2)
jz-bmwrkz-4900040541,,76,FIRST_VIDEO_SIZE(+2); FIRST_VIDEO_LENGTH(+2); AVERAGE_VIDEO_SIZE(+2); VIDEO_COUNT(+2)
jz-wfvstx-3162712154,,78,FIRST_VIDEO_SIZE(+2); FIRST_VIDEO_LENGTH(+2); AVERAGE_VIDEO_SIZE(+2); VIDEO_COUNT(+2)
jz-wfvstx-3590502855,,77,FIRST_VIDEO_SIZE(+2); FIRST_VIDEO_LENGTH(+2); AVERAGE_VIDEO_SIZE(+2); VIDEO_COUNT(+2)
jz-wfvstx-4939003588,,69,FIRST_VIDEO_SIZE(+2); FIRST_VIDEO_LENGTH(+2); AVERAGE_VIDEO_SIZE(+2); VIDEO_COUNT(+2)
jz-ydp9z9-3644543740,,78,FIRST_VIDEO_SIZE(+2); FIRST_VIDEO_LENGTH(+2); AVERAGE_VIDEO_SIZE(+2); VIDEO_COUNT(+2)
LZ01-3699596285,,75,FIRST_VIDEO_SIZE(+2); FIRST_VIDEO_LENGTH(+2); AVERAGE_VIDEO_SIZE(+2); VIDEO_COUNT(+2)
GYS-1574237539,,45,FIRST_VIDEO_SIZE(+2); FIRST_VIDEO_LENGTH(+2); AVERAGE_VIDEO_SIZE(+2); VIDEO_COUNT(+2)
GYS-fq6f2z-1679789419,,41,FIRST_VIDEO_SIZE(+2); FIRST_VIDEO_LENGTH(+2); AVERAGE_VIDEO_SIZE(+2); VIDEO_COUNT(+2)
GYS-fq6f2z-1973054001,,41,FIRST_VIDEO_SIZE(+2); FIRST_VIDEO_LENGTH(+2); AVERAGE_VIDEO_SIZE(+2); VIDEO_COUNT(+2)
GYS-fq6f2z-4276370160,,63,FIRST_VIDEO_SIZE(+2); FIRST_VIDEO_LENGTH(+2); AVERAGE_VIDEO_SIZE(+2); VIDEO_COUNT(+2)
GYS-pun1uz-3960169151,,78,FIRST_VIDEO_SIZE(+2); FIRST_VIDEO_LENGTH(+2); AVERAGE_VIDEO_SIZE(+2); VIDEO_COUNT(+2)
GYS-pun1uz-4291750077,,72,FIRST_VIDEO_SIZE(+2); FIRST_VIDEO_LENGTH(+2); AVERAGE_VIDEO_SIZE(+2); VIDEO_COUNT(+2)
GYS260905hopl-147834448,,72,FIRST_VIDEO_SIZE(+2); FIRST_VIDEO_LENGTH(+2); AVERAGE_VIDEO_SIZE(+2); VIDEO_COUNT(+2)
GYS260905hopl-3457277279,,75,FIRST_VIDEO_SIZE(+2); FIRST_VIDEO_LENGTH(+2); AVERAGE_VIDEO_SIZE(+2); VIDEO_COUNT(+2)
GYS260905hopl-3457312229,,75,FIRST_VIDEO_SIZE(+2); FIRST_VIDEO_LENGTH(+2); AVERAGE_VIDEO_SIZE(+2); VIDEO_COUNT(+2)
GYS260905hopl-3457369788,,75,FIRST_VIDEO_SIZE(+2); FIRST_VIDEO_LENGTH(+2); AVERAGE_VIDEO_SIZE(+2); VIDEO_COUNT(+2)
jz-260713l1mj-1121586055,,74,FIRST_VIDEO_SIZE(+2); FIRST_VIDEO_LENGTH(+2); AVERAGE_VIDEO_SIZE(+2); VIDEO_COUNT(+2)
jz-260728cs42-4799290710,,75,FIRST_VIDEO_SIZE(+2); FIRST_VIDEO_LENGTH(+2); AVERAGE_VIDEO_SIZE(+2); VIDEO_COUNT(+2)
jz-mn9jc2-3372213365,,75,FIRST_VIDEO_SIZE(+2); FIRST_VIDEO_LENGTH(+2); AVERAGE_VIDEO_SIZE(+2); VIDEO_COUNT(+2)
jz-mn9jc2-3457312229,,64,FIRST_VIDEO_SIZE(+2); FIRST_VIDEO_LENGTH(+2); AVERAGE_VIDEO_SIZE(+2); VIDEO_COUNT(+2)
jz-mn9jc2-3457369788,,75,FIRST_VIDEO_SIZE(+2); FIRST_VIDEO_LENGTH(+2); AVERAGE_VIDEO_SIZE(+2); VIDEO_COUNT(+2)
jz-mn9jc2-4456201523,,57,FIRST_VIDEO_SIZE(+2); FIRST_VIDEO_LENGTH(+2); AVERAGE_VIDEO_SIZE(+2); VIDEO_COUNT(+2)
jz-r0nm0c-4780054501,,64,FIRST_VIDEO_SIZE(+2); FIRST_VIDEO_LENGTH(+2); AVERAGE_VIDEO_SIZE(+2); VIDEO_COUNT(+2)
jz-tar3ab-4450020083,,75,FIRST_VIDEO_SIZE(+2); FIRST_VIDEO_LENGTH(+2); AVERAGE_VIDEO_SIZE(+2); VIDEO_COUNT(+2)
jz-wfvstx-3901799346,,79,FIRST_VIDEO_SIZE(+2); FIRST_VIDEO_LENGTH(+2); AVERAGE_VIDEO_SIZE(+2); VIDEO_COUNT(+2)
jz-wfvstx-4330637792,,77,FIRST_VIDEO_SIZE(+2); FIRST_VIDEO_LENGTH(+2); AVERAGE_VIDEO_SIZE(+2); VIDEO_COUNT(+2)
jz-wfvstx-4330708241,,79,FIRST_VIDEO_SIZE(+2); FIRST_VIDEO_LENGTH(+2); AVERAGE_VIDEO_SIZE(+2); VIDEO_COUNT(+2)
jz-wfvstx-4649277975,,74,FIRST_VIDEO_SIZE(+2); FIRST_VIDEO_LENGTH(+2); AVERAGE_VIDEO_SIZE(+2); VIDEO_COUNT(+2)
jz-wfvstx-4650564205,,77,FIRST_VIDEO_SIZE(+2); FIRST_VIDEO_LENGTH(+2); AVERAGE_VIDEO_SIZE(+2); VIDEO_COUNT(+2)
jz-wfvstx-4686476223,,65,FIRST_VIDEO_SIZE(+2); FIRST_VIDEO_LENGTH(+2); AVERAGE_VIDEO_SIZE(+2); VIDEO_COUNT(+2)
jz-wfvstx-4737624802,,47,FIRST_VIDEO_SIZE(+2); FIRST_VIDEO_LENGTH(+2); AVERAGE_VIDEO_SIZE(+2); VIDEO_COUNT(+2)
jz-wfvstx-5123472553,,63,FIRST_VIDEO_SIZE(+2); FIRST_VIDEO_LENGTH(+2); AVERAGE_VIDEO_SIZE(+2); VIDEO_COUNT(+2)
LZ-5wxmmp-5077951478,,64,FIRST_VIDEO_SIZE(+2); FIRST_VIDEO_LENGTH(+2); AVERAGE_VIDEO_SIZE(+2); VIDEO_COUNT(+2)
LZ01-2435533049,,72,FIRST_VIDEO_SIZE(+2); FIRST_VIDEO_LENGTH(+2); AVERAGE_VIDEO_SIZE(+2); VIDEO_COUNT(+2)
SF2608248fhz-4231125310,,61,FIRST_VIDEO_LENGTH(+2)
ZS01-3965794383,,76,FIRST_VIDEO_SIZE(+2); FIRST_VIDEO_LENGTH(+2); AVERAGE_VIDEO_SIZE(+2); VIDEO_COUNT(+2)
2903676250-0z9Y,,67,FIRST_VIDEO_SIZE(+2); FIRST_VIDEO_LENGTH(+2); AVERAGE_VIDEO_SIZE(+2); VIDEO_COUNT(+2)
3204821209-b98Z,,79,FIRST_VIDEO_SIZE(+2); FIRST_VIDEO_LENGTH(+2); AVERAGE_VIDEO_SIZE(+2); VIDEO_COUNT(+2)
GYS-8jlgyl-3123585702,,42,FIRST_VIDEO_SIZE(+2); FIRST_VIDEO_LENGTH(+2); AVERAGE_VIDEO_SIZE(+2); VIDEO_COUNT(+2)
GYS-fq6f2z-4276369963,,42,FIRST_VIDEO_SIZE(+2); FIRST_VIDEO_LENGTH(+2); AVERAGE_VIDEO_SIZE(+2); VIDEO_COUNT(+2)
GYS-fq6f2z-4276370731,,42,FIRST_VIDEO_SIZE(+2); FIRST_VIDEO_LENGTH(+2); AVERAGE_VIDEO_SIZE(+2); VIDEO_COUNT(+2)
GYS-fq6f2z-4276373036,,64,FIRST_VIDEO_SIZE(+2); FIRST_VIDEO_LENGTH(+2); AVERAGE_VIDEO_SIZE(+2); VIDEO_COUNT(+2)
GYS-fq6f2z-4553718890,,42,FIRST_VIDEO_SIZE(+2); FIRST_VIDEO_LENGTH(+2); AVERAGE_VIDEO_SIZE(+2); VIDEO_COUNT(+2)
GYS-pun1uz-3528556980,,69,FIRST_VIDEO_SIZE(+2); FIRST_VIDEO_LENGTH(+2); AVERAGE_VIDEO_SIZE(+2); VIDEO_COUNT(+2)
GYS-pun1uz-4653223595,,71,FIRST_VIDEO_SIZE(+2); FIRST_VIDEO_LENGTH(+2); AVERAGE_VIDEO_SIZE(+2); VIDEO_COUNT(+2)
GYS-vhijp3-4100718199,,63,FIRST_VIDEO_SIZE(+2); FIRST_VIDEO_LENGTH(+2); AVERAGE_VIDEO_SIZE(+2); VIDEO_COUNT(+2)
GYS-vhijp3-5098696405,,64,FIRST_VIDEO_SIZE(+2); FIRST_VIDEO_LENGTH(+2); AVERAGE_VIDEO_SIZE(+2); VIDEO_COUNT(+2)
GYS-vhijp3-5098697255,,59,FIRST_VIDEO_SIZE(+2); FIRST_VIDEO_LENGTH(+2); AVERAGE_VIDEO_SIZE(+2); VIDEO_COUNT(+2)
jz-260811hiq7-3494718480,,79,FIRST_VIDEO_SIZE(+2); FIRST_VIDEO_LENGTH(+2); AVERAGE_VIDEO_SIZE(+2); VIDEO_COUNT(+2)
jz-260816bapr-2451803868,,42,FIRST_VIDEO_SIZE(+2); FIRST_VIDEO_LENGTH(+2); AVERAGE_VIDEO_SIZE(+2); VIDEO_COUNT(+2)
jz-2rqa92-4583278101,,77,FIRST_VIDEO_SIZE(+2); FIRST_VIDEO_LENGTH(+2); AVERAGE_VIDEO_SIZE(+2); VIDEO_COUNT(+2)
jz-43c4a1-3778788360,,72,FIRST_VIDEO_SIZE(+2); FIRST_VIDEO_LENGTH(+2); AVERAGE_VIDEO_SIZE(+2); VIDEO_COUNT(+2)
jz-8q6voe-487884946,,72,FIRST_VIDEO_SIZE(+2); FIRST_VIDEO_LENGTH(+2); AVERAGE_VIDEO_SIZE(+2); VIDEO_COUNT(+2)
jz-mn9jc2-1140347481,,68,FIRST_VIDEO_SIZE(+2); FIRST_VIDEO_LENGTH(+2); AVERAGE_VIDEO_SIZE(+2); VIDEO_COUNT(+2)
jz-mn9jc2-2345419912,,71,FIRST_VIDEO_SIZE(+2); FIRST_VIDEO_LENGTH(+2); AVERAGE_VIDEO_SIZE(+2); VIDEO_COUNT(+2)
jz-mn9jc2-3220636801,,72,FIRST_VIDEO_SIZE(+2); FIRST_VIDEO_LENGTH(+2); AVERAGE_VIDEO_SIZE(+2); VIDEO_COUNT(+2)
jz-ub82eq-4780179559,,66,FIRST_VIDEO_SIZE(+2); FIRST_VIDEO_LENGTH(+2); AVERAGE_VIDEO_SIZE(+2); VIDEO_COUNT(+2)
jz-wfvstx-3047703793,,76,FIRST_VIDEO_SIZE(+2); FIRST_VIDEO_LENGTH(+2); AVERAGE_VIDEO_SIZE(+2); VIDEO_COUNT(+2)
jz-wfvstx-3307075800,,73,FIRST_VIDEO_SIZE(+2); FIRST_VIDEO_LENGTH(+2); AVERAGE_VIDEO_SIZE(+2); VIDEO_COUNT(+2)
jz-wfvstx-3941139893,,76,FIRST_VIDEO_SIZE(+2); FIRST_VIDEO_LENGTH(+2); AVERAGE_VIDEO_SIZE(+2); VIDEO_COUNT(+2)
jz-wfvstx-5343364371,,77,FIRST_VIDEO_SIZE(+2); FIRST_VIDEO_LENGTH(+2); AVERAGE_VIDEO_SIZE(+2); VIDEO_COUNT(+2)
jz-ydp9z9-2908484018,,79,FIRST_VIDEO_SIZE(+2); FIRST_VIDEO_LENGTH(+2); AVERAGE_VIDEO_SIZE(+2); VIDEO_COUNT(+2)
LZ01-2602456066,,75,FIRST_VIDEO_SIZE(+2); FIRST_VIDEO_LENGTH(+2); AVERAGE_VIDEO_SIZE(+2); VIDEO_COUNT(+2)
LZ01-3579731718,,72,FIRST_VIDEO_SIZE(+2); FIRST_VIDEO_LENGTH(+2); AVERAGE_VIDEO_SIZE(+2); VIDEO_COUNT(+2)
GYS-8jlgyl-3010446590,,77,FIRST_VIDEO_SIZE(+2); FIRST_VIDEO_LENGTH(+2); AVERAGE_VIDEO_SIZE(+2); VIDEO_COUNT(+2)
GYS-fq6f2z-3011630658,,43,FIRST_VIDEO_SIZE(+2); FIRST_VIDEO_LENGTH(+2); AVERAGE_VIDEO_SIZE(+2); VIDEO_COUNT(+2)
GYS-pun1uz-3781684625,,63,FIRST_VIDEO_SIZE(+2); FIRST_VIDEO_LENGTH(+2); AVERAGE_VIDEO_SIZE(+2); VIDEO_COUNT(+2)
GYS-pun1uz-4467285120,,78,FIRST_VIDEO_SIZE(+2); FIRST_VIDEO_LENGTH(+2); AVERAGE_VIDEO_SIZE(+2); VIDEO_COUNT(+2)
GYS-vhijp3-3456092635,,69,FIRST_VIDEO_SIZE(+2); FIRST_VIDEO_LENGTH(+2); AVERAGE_VIDEO_SIZE(+2); VIDEO_COUNT(+2)
GYS260905hopl-3457510653,,79,FIRST_VIDEO_SIZE(+2); FIRST_VIDEO_LENGTH(+2); AVERAGE_VIDEO_SIZE(+2); VIDEO_COUNT(+2)
jz-260807i2zt-1912292054,,79,FIRST_VIDEO_SIZE(+1); FIRST_VIDEO_LENGTH(+2); AVERAGE_VIDEO_SIZE(+1)
jz-93mo1m-5001857878,,60,FIRST_VIDEO_SIZE(+2); FIRST_VIDEO_LENGTH(+2); AVERAGE_VIDEO_SIZE(+2); VIDEO_COUNT(+2)
jz-a4wnxu-2968195412,,70,FIRST_VIDEO_SIZE(+2); FIRST_VIDEO_LENGTH(+2); AVERAGE_VIDEO_SIZE(+2); VIDEO_COUNT(+2)
jz-dh3dbz-4248790101,,63,FIRST_VIDEO_SIZE(+2); FIRST_VIDEO_LENGTH(+2); AVERAGE_VIDEO_SIZE(+2); VIDEO_COUNT(+2)
jz-mn9jc2-3457510653,,77,FIRST_VIDEO_SIZE(+2); FIRST_VIDEO_LENGTH(+2); AVERAGE_VIDEO_SIZE(+2); VIDEO_COUNT(+2)
jz-wfvstx-3249700687,,76,FIRST_VIDEO_SIZE(+2); FIRST_VIDEO_LENGTH(+2); AVERAGE_VIDEO_SIZE(+2); VIDEO_COUNT(+2)
jz-wfvstx-3297705943,,65,FIRST_VIDEO_SIZE(+2); FIRST_VIDEO_LENGTH(+2); AVERAGE_VIDEO_SIZE(+2); VIDEO_COUNT(+2)
jz-wfvstx-5292932518,,76,FIRST_VIDEO_SIZE(+2); FIRST_VIDEO_LENGTH(+2); AVERAGE_VIDEO_SIZE(+2); VIDEO_COUNT(+2)
jz-wfvstx-5490466239,,67,FIRST_VIDEO_SIZE(+2); FIRST_VIDEO_LENGTH(+2); AVERAGE_VIDEO_SIZE(+2); VIDEO_COUNT(+2)
jz-wfvstx-5710303954,,78,FIRST_VIDEO_SIZE(+2); FIRST_VIDEO_LENGTH(+2); AVERAGE_VIDEO_SIZE(+2); VIDEO_COUNT(+2)
jz-ydp9z9-3307533196,,62,FIRST_VIDEO_SIZE(+2); FIRST_VIDEO_LENGTH(+2); AVERAGE_VIDEO_SIZE(+2); VIDEO_COUNT(+2)
LZ01-3503220298,,73,FIRST_VIDEO_SIZE(+2); FIRST_VIDEO_LENGTH(+2); AVERAGE_VIDEO_SIZE(+2); VIDEO_COUNT(+2)
LZ01-3629185618,,76,FIRST_VIDEO_SIZE(+2); FIRST_VIDEO_LENGTH(+2); AVERAGE_VIDEO_SIZE(+2); VIDEO_COUNT(+2)
SF2608248fhz-3588707779,,63,FIRST_VIDEO_LENGTH(+2)
jz-2nf96y-4261096715,,64,FIRST_VIDEO_SIZE(+2); FIRST_VIDEO_LENGTH(+2); AVERAGE_VIDEO_SIZE(+2); VIDEO_COUNT(+2)
jz-43c4a1-4409428297,,74,FIRST_VIDEO_SIZE(+2); FIRST_VIDEO_LENGTH(+2); AVERAGE_VIDEO_SIZE(+2); VIDEO_COUNT(+2)
jz-tar3ab-3978474361,,75,FIRST_VIDEO_SIZE(+2); FIRST_VIDEO_LENGTH(+2); AVERAGE_VIDEO_SIZE(+2); VIDEO_COUNT(+2)
jz-tar3ab-4097510358,,78,FIRST_VIDEO_SIZE(+2); FIRST_VIDEO_LENGTH(+2); AVERAGE_VIDEO_SIZE(+2); VIDEO_COUNT(+2)
jz-tar3ab-4306956180,,68,FIRST_VIDEO_SIZE(+2); FIRST_VIDEO_LENGTH(+2); AVERAGE_VIDEO_SIZE(+2); VIDEO_COUNT(+2)
jz-wfvstx-4047019353,,72,FIRST_VIDEO_SIZE(+2); FIRST_VIDEO_LENGTH(+2); AVERAGE_VIDEO_SIZE(+2); VIDEO_COUNT(+2)
jz-wfvstx-4211271747,,76,FIRST_VIDEO_SIZE(+2); FIRST_VIDEO_LENGTH(+2); AVERAGE_VIDEO_SIZE(+2); VIDEO_COUNT(+2)
LZ01-3467007723,,63,FIRST_VIDEO_SIZE(+2); FIRST_VIDEO_LENGTH(+2); AVERAGE_VIDEO_SIZE(+2); VIDEO_COUNT(+2)
SF2608248fhz-3588812560,,64,FIRST_VIDEO_LENGTH(+2)
SF2608248fhz-3671566844,,64,FIRST_VIDEO_LENGTH(+2)
3118891824-ZQeB,,72,FIRST_VIDEO_SIZE(+2); FIRST_VIDEO_LENGTH(+2); AVERAGE_VIDEO_SIZE(+2); VIDEO_COUNT(+2)
3216743242-q3Ao,,74,FIRST_VIDEO_SIZE(+2); FIRST_VIDEO_LENGTH(+2); AVERAGE_VIDEO_SIZE(+2); VIDEO_COUNT(+2)
3282288781-9po0,,74,FIRST_VIDEO_SIZE(+2); FIRST_VIDEO_LENGTH(+2); AVERAGE_VIDEO_SIZE(+2); VIDEO_COUNT(+2)
B20260512-002-0004R,,73,FIRST_VIDEO_SIZE(+2); FIRST_VIDEO_LENGTH(+2); AVERAGE_VIDEO_SIZE(+2); VIDEO_COUNT(+2)
GYS-fq6f2z-1679789612,,45,FIRST_VIDEO_SIZE(+2); FIRST_VIDEO_LENGTH(+2); AVERAGE_VIDEO_SIZE(+2); VIDEO_COUNT(+2)
GYS-pun1uz-3920739455,,72,FIRST_VIDEO_SIZE(+2); FIRST_VIDEO_LENGTH(+2); AVERAGE_VIDEO_SIZE(+2); VIDEO_COUNT(+2)
GYS-pun1uz-4404504422,,68,FIRST_VIDEO_SIZE(+2); FIRST_VIDEO_LENGTH(+2); AVERAGE_VIDEO_SIZE(+2); VIDEO_COUNT(+2)
GYS-pun1uz-4653186758,,74,FIRST_VIDEO_SIZE(+2); FIRST_VIDEO_LENGTH(+2); AVERAGE_VIDEO_SIZE(+2); VIDEO_COUNT(+2)
jz-43c4a1-4609221440,,61,FIRST_VIDEO_SIZE(+2); FIRST_VIDEO_LENGTH(+2); AVERAGE_VIDEO_SIZE(+2); VIDEO_COUNT(+2)
jz-63ha0a-3071109073,,45,FIRST_VIDEO_SIZE(+2); FIRST_VIDEO_LENGTH(+2); AVERAGE_VIDEO_SIZE(+2); VIDEO_COUNT(+2)
jz-dh3dbz-4231938258,,75,FIRST_VIDEO_SIZE(+2); FIRST_VIDEO_LENGTH(+2); AVERAGE_VIDEO_SIZE(+2); VIDEO_COUNT(+2)
jz-mn9jc2-5325473409,,77,FIRST_VIDEO_SIZE(+2); FIRST_VIDEO_LENGTH(+2); AVERAGE_VIDEO_SIZE(+2); VIDEO_COUNT(+2)
jz-wfvstx-3283146158,,78,FIRST_VIDEO_SIZE(+2); FIRST_VIDEO_LENGTH(+2); AVERAGE_VIDEO_SIZE(+2); VIDEO_COUNT(+2)
jz-wfvstx-3992309918,,75,FIRST_VIDEO_SIZE(+2); FIRST_VIDEO_LENGTH(+2); AVERAGE_VIDEO_SIZE(+2); VIDEO_COUNT(+2)
jz-wfvstx-4481818592,,76,FIRST_VIDEO_SIZE(+2); FIRST_VIDEO_LENGTH(+2); AVERAGE_VIDEO_SIZE(+2); VIDEO_COUNT(+2)
jz-wfvstx-5053110573,,77,FIRST_VIDEO_SIZE(+2); FIRST_VIDEO_LENGTH(+2); AVERAGE_VIDEO_SIZE(+2); VIDEO_COUNT(+2)
jz-ydp9z9-4146377526,,45,FIRST_VIDEO_SIZE(+2); FIRST_VIDEO_LENGTH(+2); AVERAGE_VIDEO_SIZE(+2); VIDEO_COUNT(+2)
LZ-5wxmmp-4932040730,,45,FIRST_VIDEO_SIZE(+2); FIRST_VIDEO_LENGTH(+2); AVERAGE_VIDEO_SIZE(+2); VIDEO_COUNT(+2)
LZ01-3405464666,,77,FIRST_VIDEO_SIZE(+2); FIRST_VIDEO_LENGTH(+2); AVERAGE_VIDEO_SIZE(+2); VIDEO_COUNT(+2)
LZ01-3411426486,,70,FIRST_VIDEO_SIZE(+2); FIRST_VIDEO_LENGTH(+2); AVERAGE_VIDEO_SIZE(+2); VIDEO_COUNT(+2)
2025906111-kaUz,,63,FIRST_VIDEO_SIZE(+2); FIRST_VIDEO_LENGTH(+2); AVERAGE_VIDEO_SIZE(+2); VIDEO_COUNT(+2)
GYS-3027189554,,74,FIRST_VIDEO_SIZE(+2); FIRST_VIDEO_LENGTH(+2); AVERAGE_VIDEO_SIZE(+2); VIDEO_COUNT(+2)
GYS-fq6f2z-1679790067,,46,FIRST_VIDEO_SIZE(+2); FIRST_VIDEO_LENGTH(+2); AVERAGE_VIDEO_SIZE(+2); VIDEO_COUNT(+2)
GYS-nznb1s-2811812904,,60,FIRST_VIDEO_SIZE(+2); FIRST_VIDEO_LENGTH(+2); AVERAGE_VIDEO_SIZE(+2); VIDEO_COUNT(+2)
GYS-nznb1s-3190708134,,58,FIRST_VIDEO_SIZE(+2); FIRST_VIDEO_LENGTH(+2); AVERAGE_VIDEO_SIZE(+2); VIDEO_COUNT(+2)
GYS260829u5hc-5639920360,,79,FIRST_VIDEO_SIZE(+2); FIRST_VIDEO_LENGTH(+2); AVERAGE_VIDEO_SIZE(+2); VIDEO_COUNT(+2)
GYS260829u5hc-5639954557,,79,FIRST_VIDEO_SIZE(+2); FIRST_VIDEO_LENGTH(+2); AVERAGE_VIDEO_SIZE(+2); VIDEO_COUNT(+2)
GYS260905hopl-3457424224,,72,FIRST_VIDEO_SIZE(+2); FIRST_VIDEO_LENGTH(+2); AVERAGE_VIDEO_SIZE(+2); VIDEO_COUNT(+2)
jz-260816bapr-2505164164,,78,FIRST_VIDEO_SIZE(+2); FIRST_VIDEO_LENGTH(+2); AVERAGE_VIDEO_SIZE(+2); VIDEO_COUNT(+2)
jz-bl4yse-4532615274,,64,FIRST_VIDEO_SIZE(+2); FIRST_VIDEO_LENGTH(+2); AVERAGE_VIDEO_SIZE(+2); VIDEO_COUNT(+2)
jz-dyo0tp-4105697344,,73,FIRST_VIDEO_SIZE(+2); FIRST_VIDEO_LENGTH(+2); AVERAGE_VIDEO_SIZE(+2); VIDEO_COUNT(+2)
jz-hx866g-3520097565,,75,FIRST_VIDEO_SIZE(+2); FIRST_VIDEO_LENGTH(+2); AVERAGE_VIDEO_SIZE(+2); VIDEO_COUNT(+2)
jz-hx866g-3554887522,,75,FIRST_VIDEO_SIZE(+2); FIRST_VIDEO_LENGTH(+2); AVERAGE_VIDEO_SIZE(+2); VIDEO_COUNT(+2)
jz-tar3ab-3755092529,,75,FIRST_VIDEO_SIZE(+2); FIRST_VIDEO_LENGTH(+2); AVERAGE_VIDEO_SIZE(+2); VIDEO_COUNT(+2)
jz-wfvstx-4213917056,,78,FIRST_VIDEO_SIZE(+2); FIRST_VIDEO_LENGTH(+2); AVERAGE_VIDEO_SIZE(+2); VIDEO_COUNT(+2)
jz-wfvstx-4233440884,,62,FIRST_VIDEO_SIZE(+2); FIRST_VIDEO_LENGTH(+2); AVERAGE_VIDEO_SIZE(+2); VIDEO_COUNT(+2)
jz-wfvstx-4738023743,,78,FIRST_VIDEO_SIZE(+2); FIRST_VIDEO_LENGTH(+2); AVERAGE_VIDEO_SIZE(+2); VIDEO_COUNT(+2)
jz-wfvstx-4818025314,,68,FIRST_VIDEO_SIZE(+2); FIRST_VIDEO_LENGTH(+2); AVERAGE_VIDEO_SIZE(+2); VIDEO_COUNT(+2)
jz-wfvstx-5143700512,,68,FIRST_VIDEO_SIZE(+2); FIRST_VIDEO_LENGTH(+2); AVERAGE_VIDEO_SIZE(+2); VIDEO_COUNT(+2)
jz-wfvstx-5710352754,,77,FIRST_VIDEO_SIZE(+2); FIRST_VIDEO_LENGTH(+2); AVERAGE_VIDEO_SIZE(+2); VIDEO_COUNT(+2)
LZ-f2484t-5213284651,,46,FIRST_VIDEO_SIZE(+2); FIRST_VIDEO_LENGTH(+2); AVERAGE_VIDEO_SIZE(+2); VIDEO_COUNT(+2)
LZ01-2104735840,,46,FIRST_VIDEO_SIZE(+2); FIRST_VIDEO_LENGTH(+2); AVERAGE_VIDEO_SIZE(+2); VIDEO_COUNT(+2)
2834263883-xx9p,,63,FIRST_VIDEO_SIZE(+2); FIRST_VIDEO_LENGTH(+2); AVERAGE_VIDEO_SIZE(+2); VIDEO_COUNT(+2)
2888311204-kc2Y,,66,FIRST_VIDEO_SIZE(+2); FIRST_VIDEO_LENGTH(+2); AVERAGE_VIDEO_SIZE(+2); VIDEO_COUNT(+2)
GYS-fq6f2z-3811952275,,47,FIRST_VIDEO_SIZE(+2); FIRST_VIDEO_LENGTH(+2); AVERAGE_VIDEO_SIZE(+2); VIDEO_COUNT(+2)
GYS-vhijp3-4281165900,,72,FIRST_VIDEO_SIZE(+2); FIRST_VIDEO_LENGTH(+2); AVERAGE_VIDEO_SIZE(+2); VIDEO_COUNT(+2)
GYS-vhijp3-4281166066,,72,FIRST_VIDEO_SIZE(+2); FIRST_VIDEO_LENGTH(+2); AVERAGE_VIDEO_SIZE(+2); VIDEO_COUNT(+2)
jz-260608nw14-4263895303,,79,FIRST_VIDEO_SIZE(+2); FIRST_VIDEO_LENGTH(+2); AVERAGE_VIDEO_SIZE(+2); VIDEO_COUNT(+2)
jz-2607281n44-3372240107,,73,FIRST_VIDEO_SIZE(+2); FIRST_VIDEO_LENGTH(+2); AVERAGE_VIDEO_SIZE(+2); VIDEO_COUNT(+2)
jz-2nf96y-4535688933,,65,FIRST_VIDEO_SIZE(+2); FIRST_VIDEO_LENGTH(+2); AVERAGE_VIDEO_SIZE(+2); VIDEO_COUNT(+2)
jz-43c4a1-4160141158,,75,FIRST_VIDEO_SIZE(+2); FIRST_VIDEO_LENGTH(+2); AVERAGE_VIDEO_SIZE(+2); VIDEO_COUNT(+2)
jz-gjoym9-1595791996,,67,FIRST_VIDEO_SIZE(+2); FIRST_VIDEO_LENGTH(+2); AVERAGE_VIDEO_SIZE(+2); VIDEO_COUNT(+2)
jz-gxi10h-769385871,,63,FIRST_VIDEO_SIZE(+2); FIRST_VIDEO_LENGTH(+2); AVERAGE_VIDEO_SIZE(+2); VIDEO_COUNT(+2)
jz-gxi10h-769388082,,63,FIRST_VIDEO_SIZE(+2); FIRST_VIDEO_LENGTH(+2); AVERAGE_VIDEO_SIZE(+2); VIDEO_COUNT(+2)
jz-h9kp0m-2245932773,,69,FIRST_VIDEO_SIZE(+2); FIRST_VIDEO_LENGTH(+2); AVERAGE_VIDEO_SIZE(+2); VIDEO_COUNT(+2)
jz-ra4xyb-4645750806,,77,FIRST_VIDEO_SIZE(+2); FIRST_VIDEO_LENGTH(+2); AVERAGE_VIDEO_SIZE(+2); VIDEO_COUNT(+2)
jz-tar3ab-3767636075,,71,FIRST_VIDEO_SIZE(+2); FIRST_VIDEO_LENGTH(+2); AVERAGE_VIDEO_SIZE(+2); VIDEO_COUNT(+2)
jz-v6j4ej-4857882655,,79,FIRST_VIDEO_SIZE(+2); FIRST_VIDEO_LENGTH(+2); AVERAGE_VIDEO_SIZE(+2); VIDEO_COUNT(+2)
jz-wfvstx-2832678484,,70,FIRST_VIDEO_SIZE(+2); FIRST_VIDEO_LENGTH(+2); AVERAGE_VIDEO_SIZE(+2); VIDEO_COUNT(+2)
jz-wfvstx-4214221856,,71,FIRST_VIDEO_SIZE(+2); FIRST_VIDEO_LENGTH(+2); AVERAGE_VIDEO_SIZE(+2); VIDEO_COUNT(+2)
jz-wfvstx-5069167326,,75,FIRST_VIDEO_SIZE(+2); FIRST_VIDEO_LENGTH(+2); AVERAGE_VIDEO_SIZE(+2); VIDEO_COUNT(+2)
LZ-00mkoz-3198759653,,47,FIRST_VIDEO_SIZE(+2); FIRST_VIDEO_LENGTH(+2); AVERAGE_VIDEO_SIZE(+2); VIDEO_COUNT(+2)
LZ01-3408879387,,76,FIRST_VIDEO_SIZE(+2); FIRST_VIDEO_LENGTH(+2); AVERAGE_VIDEO_SIZE(+2); VIDEO_COUNT(+2)
YCXP-l342yy-3198759653,,47,FIRST_VIDEO_SIZE(+2); FIRST_VIDEO_LENGTH(+2); AVERAGE_VIDEO_SIZE(+2); VIDEO_COUNT(+2)
2395238637-YjOH,,76,FIRST_VIDEO_SIZE(+2); FIRST_VIDEO_LENGTH(+2); AVERAGE_VIDEO_SIZE(+2); VIDEO_COUNT(+2)
2627544436-BuYA,,60,FIRST_VIDEO_SIZE(+2); FIRST_VIDEO_LENGTH(+2); AVERAGE_VIDEO_SIZE(+2); VIDEO_COUNT(+2)
2876990874-p2A1,,72,FIRST_VIDEO_SIZE(+2); FIRST_VIDEO_LENGTH(+2); AVERAGE_VIDEO_SIZE(+2); VIDEO_COUNT(+2)
GM01-4265734803,,75,FIRST_VIDEO_SIZE(+2); FIRST_VIDEO_LENGTH(+2); AVERAGE_VIDEO_SIZE(+2); VIDEO_COUNT(+2)
GYS-8jlgyl-5123964207,,78,FIRST_VIDEO_SIZE(+2); FIRST_VIDEO_LENGTH(+2); AVERAGE_VIDEO_SIZE(+2); VIDEO_COUNT(+2)
GYS-8jlgyl-5393650540,,76,FIRST_VIDEO_SIZE(+2); FIRST_VIDEO_LENGTH(+2); AVERAGE_VIDEO_SIZE(+2); VIDEO_COUNT(+2)
GYS-pun1uz-4340995899,,78,FIRST_VIDEO_SIZE(+2); FIRST_VIDEO_LENGTH(+2); AVERAGE_VIDEO_SIZE(+2); VIDEO_COUNT(+2)
jz-260815v031-311932891,,69,FIRST_VIDEO_SIZE(+2); FIRST_VIDEO_LENGTH(+2); AVERAGE_VIDEO_SIZE(+2); VIDEO_COUNT(+2)
jz-2nf96y-3798902520,,65,FIRST_VIDEO_SIZE(+2); FIRST_VIDEO_LENGTH(+2); AVERAGE_VIDEO_SIZE(+2); VIDEO_COUNT(+2)
jz-93mo1m-5001837159,,48,FIRST_VIDEO_SIZE(+2); FIRST_VIDEO_LENGTH(+2); AVERAGE_VIDEO_SIZE(+2); VIDEO_COUNT(+2)
jz-93mo1m-5023243114,,75,FIRST_VIDEO_SIZE(+2); FIRST_VIDEO_LENGTH(+2); AVERAGE_VIDEO_SIZE(+2); VIDEO_COUNT(+2)
jz-93mo1m-5023414001,,75,FIRST_VIDEO_SIZE(+2); FIRST_VIDEO_LENGTH(+2); AVERAGE_VIDEO_SIZE(+2); VIDEO_COUNT(+2)
jz-93mo1m-5023452799,,75,FIRST_VIDEO_SIZE(+2); FIRST_VIDEO_LENGTH(+2); AVERAGE_VIDEO_SIZE(+2); VIDEO_COUNT(+2)
jz-fq6fzb-3761980623,,74,FIRST_VIDEO_SIZE(+2); FIRST_VIDEO_LENGTH(+2); AVERAGE_VIDEO_SIZE(+2); VIDEO_COUNT(+2)
jz-mn9jc2-3372111782,,71,FIRST_VIDEO_SIZE(+2); FIRST_VIDEO_LENGTH(+2); AVERAGE_VIDEO_SIZE(+2); VIDEO_COUNT(+2)
jz-mn9jc2-4280068659,,78,FIRST_VIDEO_SIZE(+2); FIRST_VIDEO_LENGTH(+2); AVERAGE_VIDEO_SIZE(+2); VIDEO_COUNT(+2)
jz-r0nm0c-3906906270,,77,FIRST_VIDEO_SIZE(+2); FIRST_VIDEO_LENGTH(+2); AVERAGE_VIDEO_SIZE(+2); VIDEO_COUNT(+2)
LZ-00mkoz-2992061228,,48,FIRST_VIDEO_SIZE(+2); FIRST_VIDEO_LENGTH(+2); AVERAGE_VIDEO_SIZE(+2); VIDEO_COUNT(+2)
LZ-o5ajbj-5303279152,,77,FIRST_VIDEO_SIZE(+2); FIRST_VIDEO_LENGTH(+2); AVERAGE_VIDEO_SIZE(+2); VIDEO_COUNT(+2)
SF2608248fhz-3980709074,,68,FIRST_VIDEO_LENGTH(+2)
YCXP-l342yy-2992061228,,48,FIRST_VIDEO_SIZE(+2); FIRST_VIDEO_LENGTH(+2); AVERAGE_VIDEO_SIZE(+2); VIDEO_COUNT(+2)
2926949736-nJ5T,,66,FIRST_VIDEO_SIZE(+2); FIRST_VIDEO_LENGTH(+2); AVERAGE_VIDEO_SIZE(+2); VIDEO_COUNT(+2)
3068578765-nBcq,,73,FIRST_VIDEO_SIZE(+2); FIRST_VIDEO_LENGTH(+2); AVERAGE_VIDEO_SIZE(+2); VIDEO_COUNT(+2)
GYS-fq6f2z-2491004374,,71,FIRST_VIDEO_SIZE(+2); FIRST_VIDEO_LENGTH(+2); AVERAGE_VIDEO_SIZE(+2); VIDEO_COUNT(+2)
GYS-pun1uz-4189396833,,68,FIRST_VIDEO_SIZE(+2); FIRST_VIDEO_LENGTH(+2); AVERAGE_VIDEO_SIZE(+2); VIDEO_COUNT(+2)
jz-260803a2lr-1468004652,,49,FIRST_VIDEO_SIZE(+2); FIRST_VIDEO_LENGTH(+2); AVERAGE_VIDEO_SIZE(+2); VIDEO_COUNT(+2)
jz-2nf96y-4227173297,,70,FIRST_VIDEO_SIZE(+2); FIRST_VIDEO_LENGTH(+2); AVERAGE_VIDEO_SIZE(+2); VIDEO_COUNT(+2)
jz-43c4a1-4374135971,,64,FIRST_VIDEO_SIZE(+2); FIRST_VIDEO_LENGTH(+2); AVERAGE_VIDEO_SIZE(+2); VIDEO_COUNT(+2)
jz-79kd0n-4196907292,,68,FIRST_VIDEO_SIZE(+2); FIRST_VIDEO_LENGTH(+2); AVERAGE_VIDEO_SIZE(+2); VIDEO_COUNT(+2)
jz-tar3ab-4328903874,,70,FIRST_VIDEO_SIZE(+2); FIRST_VIDEO_LENGTH(+2); AVERAGE_VIDEO_SIZE(+2); VIDEO_COUNT(+2)
jz-wfvstx-3024336977,,77,FIRST_VIDEO_SIZE(+2); FIRST_VIDEO_LENGTH(+2); AVERAGE_VIDEO_SIZE(+2); VIDEO_COUNT(+2)
jz-wfvstx-4047019065,,72,FIRST_VIDEO_SIZE(+2); FIRST_VIDEO_LENGTH(+2); AVERAGE_VIDEO_SIZE(+2); VIDEO_COUNT(+2)
jz-wfvstx-4342582697,,67,FIRST_VIDEO_SIZE(+2); FIRST_VIDEO_LENGTH(+2); AVERAGE_VIDEO_SIZE(+2); VIDEO_COUNT(+2)
jz-wfvstx-5455283089,,78,FIRST_VIDEO_SIZE(+2); FIRST_VIDEO_LENGTH(+2); AVERAGE_VIDEO_SIZE(+2); VIDEO_COUNT(+2)
jz-ydp9z9-4285299126,,74,FIRST_VIDEO_SIZE(+2); FIRST_VIDEO_LENGTH(+2); AVERAGE_VIDEO_SIZE(+2); VIDEO_COUNT(+2)
LZ-5wxmmp-4386949796,,75,FIRST_VIDEO_SIZE(+2); FIRST_VIDEO_LENGTH(+2); AVERAGE_VIDEO_SIZE(+2); VIDEO_COUNT(+2)
LZ-o5ajbj-5110638746,,75,FIRST_VIDEO_SIZE(+2); FIRST_VIDEO_LENGTH(+2); AVERAGE_VIDEO_SIZE(+2); VIDEO_COUNT(+2)
LZ-qtsoul-4738816474,,79,FIRST_VIDEO_SIZE(+2); FIRST_VIDEO_LENGTH(+2); AVERAGE_VIDEO_SIZE(+2); VIDEO_COUNT(+2)
LZ01-3490120309,,67,FIRST_VIDEO_SIZE(+2); FIRST_VIDEO_LENGTH(+2); AVERAGE_VIDEO_SIZE(+2); VIDEO_COUNT(+2)
manl6heay52s1juj3mow,,78,FIRST_VIDEO_SIZE(+2); FIRST_VIDEO_LENGTH(+2); AVERAGE_VIDEO_SIZE(+2); VIDEO_COUNT(+2)
manlmst3xzxjyvwtrwtj,,78,FIRST_VIDEO_SIZE(+2); FIRST_VIDEO_LENGTH(+2); AVERAGE_VIDEO_SIZE(+2); VIDEO_COUNT(+2)
SF2608248fhz-3032389096,,79,FIRST_VIDEO_LENGTH(+2)
WUYIN-CHENG,,70,FIRST_VIDEO_SIZE(+2); FIRST_VIDEO_LENGTH(+2); AVERAGE_VIDEO_SIZE(+2); VIDEO_COUNT(+2)
WUYIN-FEN,,73,FIRST_VIDEO_SIZE(+2); FIRST_VIDEO_LENGTH(+2); AVERAGE_VIDEO_SIZE(+2); VIDEO_COUNT(+2)
WUYIN-HUANG,,78,FIRST_VIDEO_SIZE(+2); FIRST_VIDEO_LENGTH(+2); AVERAGE_VIDEO_SIZE(+2); VIDEO_COUNT(+2)
WUYIN-HUI,,78,FIRST_VIDEO_SIZE(+2); FIRST_VIDEO_LENGTH(+2); AVERAGE_VIDEO_SIZE(+2); VIDEO_COUNT(+2)
WUYIN-QING,,73,FIRST_VIDEO_SIZE(+2); FIRST_VIDEO_LENGTH(+2); AVERAGE_VIDEO_SIZE(+2); VIDEO_COUNT(+2)
WUYIN-SHENLAN,,57,FIRST_VIDEO_SIZE(+2); FIRST_VIDEO_LENGTH(+2); AVERAGE_VIDEO_SIZE(+2); VIDEO_COUNT(+2)
WUYIN-SHENLV,,68,FIRST_VIDEO_SIZE(+2); FIRST_VIDEO_LENGTH(+2); AVERAGE_VIDEO_SIZE(+2); VIDEO_COUNT(+2)
WUYIN-ZHONG,,73,FIRST_VIDEO_SIZE(+2); FIRST_VIDEO_LENGTH(+2); AVERAGE_VIDEO_SIZE(+2); VIDEO_COUNT(+2)
3077126256-VcEW,,73,FIRST_VIDEO_SIZE(+2); FIRST_VIDEO_LENGTH(+2); AVERAGE_VIDEO_SIZE(+2); VIDEO_COUNT(+2)
3170066140-FR1M,,62,FIRST_VIDEO_SIZE(+2); FIRST_VIDEO_LENGTH(+2); AVERAGE_VIDEO_SIZE(+2); VIDEO_COUNT(+2)
3811599594-rpJK,,74,FIRST_VIDEO_SIZE(+2); FIRST_VIDEO_LENGTH(+2); AVERAGE_VIDEO_SIZE(+2); VIDEO_COUNT(+2)
GM01-4285665290,,77,FIRST_VIDEO_SIZE(+2); FIRST_VIDEO_LENGTH(+2); AVERAGE_VIDEO_SIZE(+2); VIDEO_COUNT(+2)
GYS-2645129103,,68,FIRST_VIDEO_SIZE(+2); FIRST_VIDEO_LENGTH(+2); AVERAGE_VIDEO_SIZE(+2); VIDEO_COUNT(+2)
GYS-8jlgyl-5128539532,,72,FIRST_VIDEO_SIZE(+2); FIRST_VIDEO_LENGTH(+2); AVERAGE_VIDEO_SIZE(+2); VIDEO_COUNT(+2)
GYS-pun1uz-4423652933,,70,FIRST_VIDEO_SIZE(+2); FIRST_VIDEO_LENGTH(+2); AVERAGE_VIDEO_SIZE(+2); VIDEO_COUNT(+2)
GYS-vhijp3-4374950913,,76,FIRST_VIDEO_SIZE(+2); FIRST_VIDEO_LENGTH(+2); AVERAGE_VIDEO_SIZE(+2); VIDEO_COUNT(+2)
GYS26091052hw-3517237658,,71,FIRST_VIDEO_SIZE(+2); FIRST_VIDEO_LENGTH(+2); AVERAGE_VIDEO_SIZE(+2); VIDEO_COUNT(+2)
jz-1dahrv-3965431701,,67,FIRST_VIDEO_SIZE(+2); FIRST_VIDEO_LENGTH(+2); AVERAGE_VIDEO_SIZE(+2); VIDEO_COUNT(+2)
jz-260622urze-4717121614,,70,FIRST_VIDEO_SIZE(+1); AVERAGE_VIDEO_SIZE(+1)
jz-260803cn42-5219378835,,75,FIRST_VIDEO_SIZE(+2); FIRST_VIDEO_LENGTH(+2); AVERAGE_VIDEO_SIZE(+2); VIDEO_COUNT(+2)
jz-260803cn42-5219379241,,75,FIRST_VIDEO_SIZE(+2); FIRST_VIDEO_LENGTH(+2); AVERAGE_VIDEO_SIZE(+2); VIDEO_COUNT(+2)
jz-260816bapr-2138465258,,74,FIRST_VIDEO_SIZE(+2); FIRST_VIDEO_LENGTH(+2); AVERAGE_VIDEO_SIZE(+2); VIDEO_COUNT(+2)
jz-260818uib8-5437511142,,76,FIRST_VIDEO_SIZE(+1); AVERAGE_VIDEO_SIZE(+1)
jz-43c4a1-3852712423,,79,FIRST_VIDEO_SIZE(+2); FIRST_VIDEO_LENGTH(+2); AVERAGE_VIDEO_SIZE(+2); VIDEO_COUNT(+2)
jz-43c4a1-4528326193,,50,FIRST_VIDEO_SIZE(+2); FIRST_VIDEO_LENGTH(+2); AVERAGE_VIDEO_SIZE(+2); VIDEO_COUNT(+2)
jz-93mo1m-5022517535,,79,FIRST_VIDEO_SIZE(+2); FIRST_VIDEO_LENGTH(+2); AVERAGE_VIDEO_SIZE(+2); VIDEO_COUNT(+2)
jz-wfvstx-5706048847,,74,FIRST_VIDEO_SIZE(+2); FIRST_VIDEO_LENGTH(+2); AVERAGE_VIDEO_SIZE(+2); VIDEO_COUNT(+2)
LZ-00mkoz-2371766204,,50,FIRST_VIDEO_SIZE(+2); FIRST_VIDEO_LENGTH(+2); AVERAGE_VIDEO_SIZE(+2); VIDEO_COUNT(+2)
LZ-00mkoz-3506737282,,50,FIRST_VIDEO_SIZE(+2); FIRST_VIDEO_LENGTH(+2); AVERAGE_VIDEO_SIZE(+2); VIDEO_COUNT(+2)
LZ01-3294539199,,59,FIRST_VIDEO_SIZE(+2); FIRST_VIDEO_LENGTH(+2); AVERAGE_VIDEO_SIZE(+2); VIDEO_COUNT(+2)
manl73d0b888uk031ty7,,79,FIRST_VIDEO_SIZE(+2); FIRST_VIDEO_LENGTH(+2); AVERAGE_VIDEO_SIZE(+2); VIDEO_COUNT(+2)
manl79ls0t21gv3jujpb,,76,FIRST_VIDEO_SIZE(+2); FIRST_VIDEO_LENGTH(+2); AVERAGE_VIDEO_SIZE(+2); VIDEO_COUNT(+2)
YCXP-l342yy-2371766204,,50,FIRST_VIDEO_SIZE(+2); FIRST_VIDEO_LENGTH(+2); AVERAGE_VIDEO_SIZE(+2); VIDEO_COUNT(+2)
YCXP-l342yy-3506737282,,50,FIRST_VIDEO_SIZE(+2); FIRST_VIDEO_LENGTH(+2); AVERAGE_VIDEO_SIZE(+2); VIDEO_COUNT(+2)
3021260148-7hmv,,72,FIRST_VIDEO_SIZE(+2); FIRST_VIDEO_LENGTH(+2); AVERAGE_VIDEO_SIZE(+2); VIDEO_COUNT(+2)
B20260512-002-0002N,,75,FIRST_VIDEO_SIZE(+2); FIRST_VIDEO_LENGTH(+2); AVERAGE_VIDEO_SIZE(+2); VIDEO_COUNT(+2)
GYS-8jlgyl-3541358371,,74,FIRST_VIDEO_SIZE(+2); FIRST_VIDEO_LENGTH(+2); AVERAGE_VIDEO_SIZE(+2); VIDEO_COUNT(+2)
GYS-fq6f2z-4424388728,,51,FIRST_VIDEO_SIZE(+2); FIRST_VIDEO_LENGTH(+2); AVERAGE_VIDEO_SIZE(+2); VIDEO_COUNT(+2)
GYS-pun1uz-4511783237,,77,FIRST_VIDEO_SIZE(+2); FIRST_VIDEO_LENGTH(+2); AVERAGE_VIDEO_SIZE(+2); VIDEO_COUNT(+2)
GYS2608211lve-5509560114,,76,FIRST_VIDEO_SIZE(+2); FIRST_VIDEO_LENGTH(+2); AVERAGE_VIDEO_SIZE(+2); VIDEO_COUNT(+2)
GYS2608211lve-5509560591,,74,FIRST_VIDEO_SIZE(+2); FIRST_VIDEO_LENGTH(+2); AVERAGE_VIDEO_SIZE(+2); VIDEO_COUNT(+2)
jz-260624fwg3-4736592704,,61,FIRST_VIDEO_SIZE(+2); FIRST_VIDEO_LENGTH(+2); AVERAGE_VIDEO_SIZE(+2); VIDEO_COUNT(+2)
jz-2607113a6c-1609026433,,70,FIRST_VIDEO_SIZE(+2); FIRST_VIDEO_LENGTH(+2); AVERAGE_VIDEO_SIZE(+2); VIDEO_COUNT(+2)
jz-260803cn42-5219379347,,66,FIRST_VIDEO_SIZE(+2); FIRST_VIDEO_LENGTH(+2); AVERAGE_VIDEO_SIZE(+2); VIDEO_COUNT(+2)
jz-260803cn42-5219379351,,66,FIRST_VIDEO_SIZE(+2); FIRST_VIDEO_LENGTH(+2); AVERAGE_VIDEO_SIZE(+2); VIDEO_COUNT(+2)
jz-33hanu-3372277031,,74,FIRST_VIDEO_SIZE(+2); FIRST_VIDEO_LENGTH(+2); AVERAGE_VIDEO_SIZE(+2); VIDEO_COUNT(+2)
jz-63ha0a-2990555919,,51,FIRST_VIDEO_SIZE(+2); FIRST_VIDEO_LENGTH(+2); AVERAGE_VIDEO_SIZE(+2); VIDEO_COUNT(+2)
jz-79kd0n-3004488665,,70,FIRST_VIDEO_SIZE(+2); FIRST_VIDEO_LENGTH(+2); AVERAGE_VIDEO_SIZE(+2); VIDEO_COUNT(+2)
jz-79kd0n-4196840636,,74,FIRST_VIDEO_SIZE(+2); FIRST_VIDEO_LENGTH(+2); AVERAGE_VIDEO_SIZE(+2); VIDEO_COUNT(+2)
jz-79kd0n-4197089246,,70,FIRST_VIDEO_SIZE(+2); FIRST_VIDEO_LENGTH(+2); AVERAGE_VIDEO_SIZE(+2); VIDEO_COUNT(+2)
jz-mn9jc2-4882873805,,69,FIRST_VIDEO_SIZE(+2); FIRST_VIDEO_LENGTH(+2); AVERAGE_VIDEO_SIZE(+2); VIDEO_COUNT(+2)
jz-tar3ab-4272365909,,70,FIRST_VIDEO_SIZE(+2); FIRST_VIDEO_LENGTH(+2); AVERAGE_VIDEO_SIZE(+2); VIDEO_COUNT(+2)
jz-wfvstx-4072225257,,79,FIRST_VIDEO_SIZE(+2); FIRST_VIDEO_LENGTH(+2); AVERAGE_VIDEO_SIZE(+2); VIDEO_COUNT(+2)
LZ-00mkoz-3119072834,,51,FIRST_VIDEO_SIZE(+2); FIRST_VIDEO_LENGTH(+2); AVERAGE_VIDEO_SIZE(+2); VIDEO_COUNT(+2)
LZ-o5ajbj-5091961052,,70,FIRST_VIDEO_SIZE(+2); FIRST_VIDEO_LENGTH(+2); AVERAGE_VIDEO_SIZE(+2); VIDEO_COUNT(+2)
LZ01-3447837791,,79,FIRST_VIDEO_SIZE(+2); FIRST_VIDEO_LENGTH(+2); AVERAGE_VIDEO_SIZE(+2); VIDEO_COUNT(+2)
SF2608248fhz-3732513153,,67,FIRST_VIDEO_LENGTH(+2)
2723486462-UQQw,,73,FIRST_VIDEO_SIZE(+2); FIRST_VIDEO_LENGTH(+2); AVERAGE_VIDEO_SIZE(+2); VIDEO_COUNT(+2)
GYS-8jlgyl-3212276089,,65,FIRST_VIDEO_SIZE(+2); FIRST_VIDEO_LENGTH(+2); AVERAGE_VIDEO_SIZE(+2); VIDEO_COUNT(+2)
GYS-pun1uz-4074674320,,71,FIRST_VIDEO_SIZE(+2); FIRST_VIDEO_LENGTH(+2); AVERAGE_VIDEO_SIZE(+2); VIDEO_COUNT(+2)
GYS-pun1uz-4306713357,,69,FIRST_VIDEO_SIZE(+2); FIRST_VIDEO_LENGTH(+2); AVERAGE_VIDEO_SIZE(+2); VIDEO_COUNT(+2)
GYS-vhijp3-5421463300,,72,FIRST_VIDEO_SIZE(+2); FIRST_VIDEO_LENGTH(+2); AVERAGE_VIDEO_SIZE(+2); VIDEO_COUNT(+2)
GYS-vhijp3-5421464633,,73,FIRST_VIDEO_SIZE(+2); FIRST_VIDEO_LENGTH(+2); AVERAGE_VIDEO_SIZE(+2); VIDEO_COUNT(+2)
jz-2nf96y-4482693329,,75,FIRST_VIDEO_SIZE(+2); FIRST_VIDEO_LENGTH(+2); AVERAGE_VIDEO_SIZE(+2); VIDEO_COUNT(+2)
jz-43c4a1-4931110117,,75,FIRST_VIDEO_SIZE(+2); FIRST_VIDEO_LENGTH(+2); AVERAGE_VIDEO_SIZE(+2); VIDEO_COUNT(+2)
jz-74no4j-2204203437,,76,FIRST_VIDEO_SIZE(+2); FIRST_VIDEO_LENGTH(+2); AVERAGE_VIDEO_SIZE(+2); VIDEO_COUNT(+2)
LZ01-3389215885,,73,FIRST_VIDEO_SIZE(+2); FIRST_VIDEO_LENGTH(+2); AVERAGE_VIDEO_SIZE(+2); VIDEO_COUNT(+2)
ZS260824s0qp-1263028260,,68,FIRST_VIDEO_SIZE(+2); FIRST_VIDEO_LENGTH(+2); AVERAGE_VIDEO_SIZE(+2); VIDEO_COUNT(+2)
ZS260824s0qp-1263029450,,68,FIRST_VIDEO_SIZE(+2); FIRST_VIDEO_LENGTH(+2); AVERAGE_VIDEO_SIZE(+2); VIDEO_COUNT(+2)
ZS260824s0qp-150657930,,68,FIRST_VIDEO_SIZE(+2); FIRST_VIDEO_LENGTH(+2); AVERAGE_VIDEO_SIZE(+2); VIDEO_COUNT(+2)
ZS260824s0qp-150661085,,73,FIRST_VIDEO_SIZE(+2); FIRST_VIDEO_LENGTH(+2); AVERAGE_VIDEO_SIZE(+2); VIDEO_COUNT(+2)
ZS260824s0qp-467047676,,68,FIRST_VIDEO_SIZE(+2); FIRST_VIDEO_LENGTH(+2); AVERAGE_VIDEO_SIZE(+2); VIDEO_COUNT(+2)
ZS260824s0qp-694013935,,68,FIRST_VIDEO_SIZE(+2); FIRST_VIDEO_LENGTH(+2); AVERAGE_VIDEO_SIZE(+2); VIDEO_COUNT(+2)
ZS260824s0qp-721384160,,68,FIRST_VIDEO_SIZE(+2); FIRST_VIDEO_LENGTH(+2); AVERAGE_VIDEO_SIZE(+2); VIDEO_COUNT(+2)
ZS260824s0qp-721386460,,68,FIRST_VIDEO_SIZE(+2); FIRST_VIDEO_LENGTH(+2); AVERAGE_VIDEO_SIZE(+2); VIDEO_COUNT(+2)
ZS260824s0qp-880699554,,68,FIRST_VIDEO_SIZE(+2); FIRST_VIDEO_LENGTH(+2); AVERAGE_VIDEO_SIZE(+2); VIDEO_COUNT(+2)
ZS260824s0qp-880702163,,68,FIRST_VIDEO_SIZE(+2); FIRST_VIDEO_LENGTH(+2); AVERAGE_VIDEO_SIZE(+2); VIDEO_COUNT(+2)
ZS260824s0qp-880702188,,68,FIRST_VIDEO_SIZE(+2); FIRST_VIDEO_LENGTH(+2); AVERAGE_VIDEO_SIZE(+2); VIDEO_COUNT(+2)
ZS260824s0qp-880703038,,68,FIRST_VIDEO_SIZE(+2); FIRST_VIDEO_LENGTH(+2); AVERAGE_VIDEO_SIZE(+2); VIDEO_COUNT(+2)
ZS260824s0qp-888010580,,68,FIRST_VIDEO_SIZE(+2); FIRST_VIDEO_LENGTH(+2); AVERAGE_VIDEO_SIZE(+2); VIDEO_COUNT(+2)
GYS-3213591896,,70,FIRST_VIDEO_SIZE(+2); FIRST_VIDEO_LENGTH(+2); AVERAGE_VIDEO_SIZE(+2); VIDEO_COUNT(+2)
GYS-8jlgyl-3717224047,,78,FIRST_VIDEO_SIZE(+2); FIRST_VIDEO_LENGTH(+2); AVERAGE_VIDEO_SIZE(+2); VIDEO_COUNT(+2)
GYS-vhijp3-5663131645,,73,FIRST_VIDEO_SIZE(+2); FIRST_VIDEO_LENGTH(+2); AVERAGE_VIDEO_SIZE(+2); VIDEO_COUNT(+2)
GYS-vhijp3-5663132680,,73,FIRST_VIDEO_SIZE(+2); FIRST_VIDEO_LENGTH(+2); AVERAGE_VIDEO_SIZE(+2); VIDEO_COUNT(+2)
GYS-vhijp3-5663132696,,73,FIRST_VIDEO_SIZE(+2); FIRST_VIDEO_LENGTH(+2); AVERAGE_VIDEO_SIZE(+2); VIDEO_COUNT(+2)
jz-260622urze-4717237412,,69,FIRST_VIDEO_SIZE(+1); AVERAGE_VIDEO_SIZE(+1)
jz-260731nl7w-5251886196,,73,FIRST_VIDEO_SIZE(+2); FIRST_VIDEO_LENGTH(+2); AVERAGE_VIDEO_SIZE(+2); VIDEO_COUNT(+2)
jz-2nf96y-4899023703,,73,FIRST_VIDEO_SIZE(+2); FIRST_VIDEO_LENGTH(+2); AVERAGE_VIDEO_SIZE(+2); VIDEO_COUNT(+2)
jz-43c4a1-4662496540,,79,FIRST_VIDEO_SIZE(+2); FIRST_VIDEO_LENGTH(+2); AVERAGE_VIDEO_SIZE(+2); VIDEO_COUNT(+2)
jz-63ha0a-1679789712,,53,FIRST_VIDEO_SIZE(+2); FIRST_VIDEO_LENGTH(+2); AVERAGE_VIDEO_SIZE(+2); VIDEO_COUNT(+2)
jz-63ha0a-3584245681,,53,FIRST_VIDEO_SIZE(+2); FIRST_VIDEO_LENGTH(+2); AVERAGE_VIDEO_SIZE(+2); VIDEO_COUNT(+2)
jz-79kd0n-4399293625,,72,FIRST_VIDEO_SIZE(+2); FIRST_VIDEO_LENGTH(+2); AVERAGE_VIDEO_SIZE(+2); VIDEO_COUNT(+2)
jz-93mo1m-4988434908,,76,FIRST_VIDEO_SIZE(+2); FIRST_VIDEO_LENGTH(+2); AVERAGE_VIDEO_SIZE(+2); VIDEO_COUNT(+2)
jz-bl4yse-4518490693,,70,FIRST_VIDEO_SIZE(+2); FIRST_VIDEO_LENGTH(+2); AVERAGE_VIDEO_SIZE(+2); VIDEO_COUNT(+2)
LZ-00mkoz-4641654640,,63,FIRST_VIDEO_SIZE(+2); FIRST_VIDEO_LENGTH(+2); AVERAGE_VIDEO_SIZE(+2); VIDEO_COUNT(+2)
LZ-o5ajbj-4312820670,,73,FIRST_VIDEO_SIZE(+2); FIRST_VIDEO_LENGTH(+2); AVERAGE_VIDEO_SIZE(+2); VIDEO_COUNT(+2)
LZ-o5ajbj-4591702348,,68,FIRST_VIDEO_SIZE(+2); FIRST_VIDEO_LENGTH(+2); AVERAGE_VIDEO_SIZE(+2); VIDEO_COUNT(+2)
YCXP-l342yy-4641654640,,66,FIRST_VIDEO_SIZE(+2); FIRST_VIDEO_LENGTH(+2); AVERAGE_VIDEO_SIZE(+2); VIDEO_COUNT(+2)
ZS--3633762195,,73,FIRST_VIDEO_SIZE(+2); FIRST_VIDEO_LENGTH(+2); AVERAGE_VIDEO_SIZE(+2); VIDEO_COUNT(+2)
3205286289-viAd,,67,FIRST_VIDEO_SIZE(+2); FIRST_VIDEO_LENGTH(+2); AVERAGE_VIDEO_SIZE(+2); VIDEO_COUNT(+2)
GYS-pun1uz-4344802040,,77,FIRST_VIDEO_SIZE(+2); FIRST_VIDEO_LENGTH(+2); AVERAGE_VIDEO_SIZE(+2); VIDEO_COUNT(+2)
GYS-vhijp3-5635717893,,72,FIRST_VIDEO_SIZE(+2); FIRST_VIDEO_LENGTH(+2); AVERAGE_VIDEO_SIZE(+2); VIDEO_COUNT(+2)
GYS-vhijp3-5635718105,,73,FIRST_VIDEO_SIZE(+2); FIRST_VIDEO_LENGTH(+2); AVERAGE_VIDEO_SIZE(+2); VIDEO_COUNT(+2)
GYS-vhijp3-5635718536,,62,FIRST_VIDEO_SIZE(+2); FIRST_VIDEO_LENGTH(+2); AVERAGE_VIDEO_SIZE(+2); VIDEO_COUNT(+2)
jz-43c4a1-4255080725,,71,FIRST_VIDEO_SIZE(+2); FIRST_VIDEO_LENGTH(+2); AVERAGE_VIDEO_SIZE(+2); VIDEO_COUNT(+2)
jz-7cosa9-4019637814,,77,FIRST_VIDEO_SIZE(+2); FIRST_VIDEO_LENGTH(+2); AVERAGE_VIDEO_SIZE(+2); VIDEO_COUNT(+2)
jz-bl4yse-4433465632,,79,FIRST_VIDEO_SIZE(+2); FIRST_VIDEO_LENGTH(+2); AVERAGE_VIDEO_SIZE(+2); VIDEO_COUNT(+2)
jz-mn9jc2-2022869918,,74,FIRST_VIDEO_SIZE(+2); FIRST_VIDEO_LENGTH(+2); AVERAGE_VIDEO_SIZE(+2); VIDEO_COUNT(+2)
jz-mn9jc2-3000101816,,63,FIRST_VIDEO_SIZE(+2); FIRST_VIDEO_LENGTH(+2); AVERAGE_VIDEO_SIZE(+2); VIDEO_COUNT(+2)
jz-tar3ab-4377355583,,76,FIRST_VIDEO_SIZE(+2); FIRST_VIDEO_LENGTH(+2); AVERAGE_VIDEO_SIZE(+2); VIDEO_COUNT(+2)
LZ01-3633183206-2,,74,FIRST_VIDEO_SIZE(+2); FIRST_VIDEO_LENGTH(+2); AVERAGE_VIDEO_SIZE(+2); VIDEO_COUNT(+2)
YCXP-l342yy-5017983729,,54,FIRST_VIDEO_SIZE(+2); FIRST_VIDEO_LENGTH(+2); AVERAGE_VIDEO_SIZE(+2); VIDEO_COUNT(+2)
jz-79kd0n-2205624646,,74,FIRST_VIDEO_SIZE(+2); FIRST_VIDEO_LENGTH(+2); AVERAGE_VIDEO_SIZE(+2); VIDEO_COUNT(+2)
jz-uly3uk-4376822949,,76,FIRST_VIDEO_SIZE(+2); FIRST_VIDEO_LENGTH(+2); AVERAGE_VIDEO_SIZE(+2); VIDEO_COUNT(+2)
LZ-00mkoz-2451736745,,55,FIRST_VIDEO_SIZE(+2); FIRST_VIDEO_LENGTH(+2); AVERAGE_VIDEO_SIZE(+2); VIDEO_COUNT(+2)
SF2608248fhz-3980560078,,75,FIRST_VIDEO_LENGTH(+2)
XIAOMIGUAJIAN,,77,FIRST_VIDEO_SIZE(+2); FIRST_VIDEO_LENGTH(+2); AVERAGE_VIDEO_SIZE(+2); VIDEO_COUNT(+2)
XIAOMIGUAJIAN-3,,77,FIRST_VIDEO_SIZE(+2); FIRST_VIDEO_LENGTH(+2); AVERAGE_VIDEO_SIZE(+2); VIDEO_COUNT(+2)
YCXP-l342yy-2451736745,,55,FIRST_VIDEO_SIZE(+2); FIRST_VIDEO_LENGTH(+2); AVERAGE_VIDEO_SIZE(+2); VIDEO_COUNT(+2)
1968961961-Kqjy,,74,FIRST_VIDEO_SIZE(+2); FIRST_VIDEO_LENGTH(+2); AVERAGE_VIDEO_SIZE(+2); VIDEO_COUNT(+2)
GM01-4285665290-KAFEI,,72,FIRST_VIDEO_SIZE(+2); FIRST_VIDEO_LENGTH(+2); AVERAGE_VIDEO_SIZE(+2); VIDEO_COUNT(+2)
GM01-4355142826-LV,,74,FIRST_VIDEO_SIZE(+2); FIRST_VIDEO_LENGTH(+2); AVERAGE_VIDEO_SIZE(+2); VIDEO_COUNT(+2)
GYS-fq6f2z-3057500387,,56,FIRST_VIDEO_SIZE(+2); FIRST_VIDEO_LENGTH(+2); AVERAGE_VIDEO_SIZE(+2); VIDEO_COUNT(+2)
GYS-pun1uz-4687442957,,73,FIRST_VIDEO_SIZE(+2); FIRST_VIDEO_LENGTH(+2); AVERAGE_VIDEO_SIZE(+2); VIDEO_COUNT(+2)
jz-2nf96y-3823692862,,64,FIRST_VIDEO_SIZE(+2); FIRST_VIDEO_LENGTH(+2); AVERAGE_VIDEO_SIZE(+2); VIDEO_COUNT(+2)
jz-43c4a1-4649743309,,72,FIRST_VIDEO_SIZE(+2); FIRST_VIDEO_LENGTH(+2); AVERAGE_VIDEO_SIZE(+2); VIDEO_COUNT(+2)
jz-43c4a1-4754778811,,73,FIRST_VIDEO_SIZE(+2); FIRST_VIDEO_LENGTH(+2); AVERAGE_VIDEO_SIZE(+2); VIDEO_COUNT(+2)
jz-63ha0a-5357798591,,56,FIRST_VIDEO_SIZE(+2); FIRST_VIDEO_LENGTH(+2); AVERAGE_VIDEO_SIZE(+2); VIDEO_COUNT(+2)
jz-79kd0n-3004487878,,75,FIRST_VIDEO_SIZE(+2); FIRST_VIDEO_LENGTH(+2); AVERAGE_VIDEO_SIZE(+2); VIDEO_COUNT(+2)
jz-79kd0n-3529645384,,75,FIRST_VIDEO_SIZE(+2); FIRST_VIDEO_LENGTH(+2); AVERAGE_VIDEO_SIZE(+2); VIDEO_COUNT(+2)
LZ-3426986435,,72,FIRST_VIDEO_SIZE(+2); FIRST_VIDEO_LENGTH(+2); AVERAGE_VIDEO_SIZE(+2); VIDEO_COUNT(+2)
LZ-5wxmmp-4480489634,,62,FIRST_VIDEO_SIZE(+2); FIRST_VIDEO_LENGTH(+2); AVERAGE_VIDEO_SIZE(+2); VIDEO_COUNT(+2)
LZ01-3622614929,,64,FIRST_VIDEO_SIZE(+2); FIRST_VIDEO_LENGTH(+2); AVERAGE_VIDEO_SIZE(+2); VIDEO_COUNT(+2)
LZ01-3794041980,,75,FIRST_VIDEO_SIZE(+2); FIRST_VIDEO_LENGTH(+2); AVERAGE_VIDEO_SIZE(+2); VIDEO_COUNT(+2)
SF2608248fhz-3588867711,,76,FIRST_VIDEO_LENGTH(+2)
2039260315-EtTJ,,66,FIRST_VIDEO_SIZE(+2); FIRST_VIDEO_LENGTH(+2); AVERAGE_VIDEO_SIZE(+2); VIDEO_COUNT(+2)
2943154976-nO2j,,77,FIRST_VIDEO_SIZE(+2); FIRST_VIDEO_LENGTH(+2); AVERAGE_VIDEO_SIZE(+2); VIDEO_COUNT(+2)
3122682373-GIqU,,57,FIRST_VIDEO_SIZE(+2); FIRST_VIDEO_LENGTH(+2); AVERAGE_VIDEO_SIZE(+2); VIDEO_COUNT(+2)
GYS-4129747225,,72,FIRST_VIDEO_SIZE(+2); FIRST_VIDEO_LENGTH(+2); AVERAGE_VIDEO_SIZE(+2); VIDEO_COUNT(+2)
GYS-fq6f2z-4550678091,,57,FIRST_VIDEO_SIZE(+2); FIRST_VIDEO_LENGTH(+2); AVERAGE_VIDEO_SIZE(+2); VIDEO_COUNT(+2)
jz-2607113a6c-1609026357,,76,FIRST_VIDEO_SIZE(+2); FIRST_VIDEO_LENGTH(+2); AVERAGE_VIDEO_SIZE(+2); VIDEO_COUNT(+2)
jz-260803cn42-5219378444,,72,FIRST_VIDEO_SIZE(+2); FIRST_VIDEO_LENGTH(+2); AVERAGE_VIDEO_SIZE(+2); VIDEO_COUNT(+2)
jz-260813x6ot-4044283074,,76,FIRST_VIDEO_SIZE(+1); AVERAGE_VIDEO_SIZE(+1)
jz-2nf96y-4399275633,,57,FIRST_VIDEO_SIZE(+2); FIRST_VIDEO_LENGTH(+2); AVERAGE_VIDEO_SIZE(+2); VIDEO_COUNT(+2)
jz-9d7gb7-4037729626,,69,FIRST_VIDEO_SIZE(+2); FIRST_VIDEO_LENGTH(+2); AVERAGE_VIDEO_SIZE(+2); VIDEO_COUNT(+2)
jz-a4wnxu-3276070112,,65,FIRST_VIDEO_SIZE(+2); FIRST_VIDEO_LENGTH(+2); AVERAGE_VIDEO_SIZE(+2); VIDEO_COUNT(+2)
jz-mn9jc2-2939874500,,57,FIRST_VIDEO_SIZE(+2); FIRST_VIDEO_LENGTH(+2); AVERAGE_VIDEO_SIZE(+2); VIDEO_COUNT(+2)
jz-ra4xyb-4521287943,,69,FIRST_VIDEO_SIZE(+2); FIRST_VIDEO_LENGTH(+2); AVERAGE_VIDEO_SIZE(+2); VIDEO_COUNT(+2)
LZ-3410117421,,77,FIRST_VIDEO_SIZE(+2); FIRST_VIDEO_LENGTH(+2); AVERAGE_VIDEO_SIZE(+2); VIDEO_COUNT(+2)
LZ-5wxmmp-5327769281,,77,FIRST_VIDEO_SIZE(+2); FIRST_VIDEO_LENGTH(+2); AVERAGE_VIDEO_SIZE(+2); VIDEO_COUNT(+2)
LZ-qtsoul-4920297323,,70,FIRST_VIDEO_SIZE(+2); FIRST_VIDEO_LENGTH(+2); AVERAGE_VIDEO_SIZE(+2); VIDEO_COUNT(+2)
LZ01-1928772955,,69,FIRST_VIDEO_SIZE(+2); FIRST_VIDEO_LENGTH(+2); AVERAGE_VIDEO_SIZE(+2); VIDEO_COUNT(+2)
zm-bya321-5266758266,,75,FIRST_VIDEO_SIZE(+2); FIRST_VIDEO_LENGTH(+2); AVERAGE_VIDEO_SIZE(+2); VIDEO_COUNT(+2)
zm-eq8csq-5285591202,,57,FIRST_VIDEO_SIZE(+2); FIRST_VIDEO_LENGTH(+2); AVERAGE_VIDEO_SIZE(+2); VIDEO_COUNT(+2)
zm-vt29v8-5292472905,,71,FIRST_VIDEO_SIZE(+2); FIRST_VIDEO_LENGTH(+2); AVERAGE_VIDEO_SIZE(+2); VIDEO_COUNT(+2)
2370748556-h4tu,,69,FIRST_VIDEO_SIZE(+2); FIRST_VIDEO_LENGTH(+2); AVERAGE_VIDEO_SIZE(+2); VIDEO_COUNT(+2)
3194896935-XfMn,,45,FIRST_VIDEO_SIZE(+2); FIRST_VIDEO_LENGTH(+2); AVERAGE_VIDEO_SIZE(+2); VIDEO_COUNT(+2)
jz-260624fwg3-4736594619,,78,FIRST_VIDEO_SIZE(+2); FIRST_VIDEO_LENGTH(+2); AVERAGE_VIDEO_SIZE(+2); VIDEO_COUNT(+2)
jz-260706zm80-4004547325,,70,FIRST_VIDEO_SIZE(+2); FIRST_VIDEO_LENGTH(+2); AVERAGE_VIDEO_SIZE(+2); VIDEO_COUNT(+2)
jz-2607113a6c-2700607010,,77,FIRST_VIDEO_SIZE(+2); FIRST_VIDEO_LENGTH(+2); AVERAGE_VIDEO_SIZE(+2); VIDEO_COUNT(+2)
LZ-2971108112,,64,FIRST_VIDEO_SIZE(+2); FIRST_VIDEO_LENGTH(+2); AVERAGE_VIDEO_SIZE(+2); VIDEO_COUNT(+2)
LZ-qtsoul-5148771361,,67,FIRST_VIDEO_SIZE(+2); FIRST_VIDEO_LENGTH(+2); AVERAGE_VIDEO_SIZE(+2); VIDEO_COUNT(+2)
LZ-qtsoul-5148771361-3,,58,FIRST_VIDEO_SIZE(+2); FIRST_VIDEO_LENGTH(+2); AVERAGE_VIDEO_SIZE(+2); VIDEO_COUNT(+2)
ZS--4163377201,,79,FIRST_VIDEO_SIZE(+2); FIRST_VIDEO_LENGTH(+2); AVERAGE_VIDEO_SIZE(+2); VIDEO_COUNT(+2)
ZSGM01-2147111775,,58,FIRST_VIDEO_SIZE(+2); FIRST_VIDEO_LENGTH(+2); AVERAGE_VIDEO_SIZE(+2); VIDEO_COUNT(+2)
1904201773-HwFW,,66,FIRST_VIDEO_SIZE(+2); FIRST_VIDEO_LENGTH(+2); AVERAGE_VIDEO_SIZE(+2); VIDEO_COUNT(+2)
3087970070-zpNE,,78,FIRST_VIDEO_SIZE(+2); FIRST_VIDEO_LENGTH(+2); AVERAGE_VIDEO_SIZE(+2); VIDEO_COUNT(+2)
GYS-fq6f2z-3057497584,,77,FIRST_VIDEO_SIZE(+2); FIRST_VIDEO_LENGTH(+2); AVERAGE_VIDEO_SIZE(+2); VIDEO_COUNT(+2)
GYS-fq6f2z-3057497893,,59,FIRST_VIDEO_SIZE(+2); FIRST_VIDEO_LENGTH(+2); AVERAGE_VIDEO_SIZE(+2); VIDEO_COUNT(+2)
jz-260624fwg3-4736604207,,79,FIRST_VIDEO_SIZE(+2); FIRST_VIDEO_LENGTH(+2); AVERAGE_VIDEO_SIZE(+2); VIDEO_COUNT(+2)
jz-260624fwg3-4736604207-01,,69,FIRST_VIDEO_SIZE(+2); FIRST_VIDEO_LENGTH(+2); AVERAGE_VIDEO_SIZE(+2); VIDEO_COUNT(+2)
jz-260624fwg3-4736604207-02,,59,FIRST_VIDEO_SIZE(+2); FIRST_VIDEO_LENGTH(+2); AVERAGE_VIDEO_SIZE(+2); VIDEO_COUNT(+2)
jz-260624fwg3-4736604207-03,,66,FIRST_VIDEO_SIZE(+2); FIRST_VIDEO_LENGTH(+2); AVERAGE_VIDEO_SIZE(+2); VIDEO_COUNT(+2)
jz-260624fwg3-4736604207-04,,69,FIRST_VIDEO_SIZE(+2); FIRST_VIDEO_LENGTH(+2); AVERAGE_VIDEO_SIZE(+2); VIDEO_COUNT(+2)
jz-260624fwg3-4736604207-06,,79,FIRST_VIDEO_SIZE(+2); FIRST_VIDEO_LENGTH(+2); AVERAGE_VIDEO_SIZE(+2); VIDEO_COUNT(+2)
jz-260624fwg3-4736604207-07,,59,FIRST_VIDEO_SIZE(+2); FIRST_VIDEO_LENGTH(+2); AVERAGE_VIDEO_SIZE(+2); VIDEO_COUNT(+2)
jz-260624fwg3-4736604207-08,,69,FIRST_VIDEO_SIZE(+2); FIRST_VIDEO_LENGTH(+2); AVERAGE_VIDEO_SIZE(+2); VIDEO_COUNT(+2)
jz-260624fwg3-4736604207-09,,69,FIRST_VIDEO_SIZE(+2); FIRST_VIDEO_LENGTH(+2); AVERAGE_VIDEO_SIZE(+2); VIDEO_COUNT(+2)
jz-260624fwg3-4736604207-1,,69,FIRST_VIDEO_SIZE(+2); FIRST_VIDEO_LENGTH(+2); AVERAGE_VIDEO_SIZE(+2); VIDEO_COUNT(+2)
jz-260624fwg3-4736604207-10,,59,FIRST_VIDEO_SIZE(+2); FIRST_VIDEO_LENGTH(+2); AVERAGE_VIDEO_SIZE(+2); VIDEO_COUNT(+2)
jz-260624fwg3-4736604207-11,,59,FIRST_VIDEO_SIZE(+2); FIRST_VIDEO_LENGTH(+2); AVERAGE_VIDEO_SIZE(+2); VIDEO_COUNT(+2)
jz-260624fwg3-4736604207-12,,79,FIRST_VIDEO_SIZE(+2); FIRST_VIDEO_LENGTH(+2); AVERAGE_VIDEO_SIZE(+2); VIDEO_COUNT(+2)
jz-260624fwg3-4736604207-13,,77,FIRST_VIDEO_SIZE(+2); FIRST_VIDEO_LENGTH(+2); AVERAGE_VIDEO_SIZE(+2); VIDEO_COUNT(+2)
jz-260624fwg3-4736604207-15,,77,FIRST_VIDEO_SIZE(+2); FIRST_VIDEO_LENGTH(+2); AVERAGE_VIDEO_SIZE(+2); VIDEO_COUNT(+2)
jz-260624fwg3-4736604207-16,,66,FIRST_VIDEO_SIZE(+2); FIRST_VIDEO_LENGTH(+2); AVERAGE_VIDEO_SIZE(+2); VIDEO_COUNT(+2)
jz-260624fwg3-4736604207-18,,69,FIRST_VIDEO_SIZE(+2); FIRST_VIDEO_LENGTH(+2); AVERAGE_VIDEO_SIZE(+2); VIDEO_COUNT(+2)
jz-260624fwg3-4736604207-19,,59,FIRST_VIDEO_SIZE(+2); FIRST_VIDEO_LENGTH(+2); AVERAGE_VIDEO_SIZE(+2); VIDEO_COUNT(+2)
jz-260624fwg3-4736604207-2,,79,FIRST_VIDEO_SIZE(+2); FIRST_VIDEO_LENGTH(+2); AVERAGE_VIDEO_SIZE(+2); VIDEO_COUNT(+2)
jz-260624fwg3-4736604207-20,,79,FIRST_VIDEO_SIZE(+2); FIRST_VIDEO_LENGTH(+2); AVERAGE_VIDEO_SIZE(+2); VIDEO_COUNT(+2)
jz-260624fwg3-4736604207-21,,69,FIRST_VIDEO_SIZE(+2); FIRST_VIDEO_LENGTH(+2); AVERAGE_VIDEO_SIZE(+2); VIDEO_COUNT(+2)
jz-260624fwg3-4736604207-22,,59,FIRST_VIDEO_SIZE(+2); FIRST_VIDEO_LENGTH(+2); AVERAGE_VIDEO_SIZE(+2); VIDEO_COUNT(+2)
jz-260624fwg3-4736604207-23,,67,FIRST_VIDEO_SIZE(+2); FIRST_VIDEO_LENGTH(+2); AVERAGE_VIDEO_SIZE(+2); VIDEO_COUNT(+2)
jz-260624fwg3-4736604207-24,,69,FIRST_VIDEO_SIZE(+2); FIRST_VIDEO_LENGTH(+2); AVERAGE_VIDEO_SIZE(+2); VIDEO_COUNT(+2)
jz-260624fwg3-4736604207-25,,59,FIRST_VIDEO_SIZE(+2); FIRST_VIDEO_LENGTH(+2); AVERAGE_VIDEO_SIZE(+2); VIDEO_COUNT(+2)
jz-260624fwg3-4736604207-26,,59,FIRST_VIDEO_SIZE(+2); FIRST_VIDEO_LENGTH(+2); AVERAGE_VIDEO_SIZE(+2); VIDEO_COUNT(+2)
jz-260624fwg3-4736604207-27,,77,FIRST_VIDEO_SIZE(+2); FIRST_VIDEO_LENGTH(+2); AVERAGE_VIDEO_SIZE(+2); VIDEO_COUNT(+2)
jz-260624fwg3-4736604207-28,,59,FIRST_VIDEO_SIZE(+2); FIRST_VIDEO_LENGTH(+2); AVERAGE_VIDEO_SIZE(+2); VIDEO_COUNT(+2)
jz-260624fwg3-4736604207-29,,59,FIRST_VIDEO_SIZE(+2); FIRST_VIDEO_LENGTH(+2); AVERAGE_VIDEO_SIZE(+2); VIDEO_COUNT(+2)
jz-260624fwg3-4736604207-30,,59,FIRST_VIDEO_SIZE(+2); FIRST_VIDEO_LENGTH(+2); AVERAGE_VIDEO_SIZE(+2); VIDEO_COUNT(+2)
jz-260624fwg3-4736604207-4,,79,FIRST_VIDEO_SIZE(+2); FIRST_VIDEO_LENGTH(+2); AVERAGE_VIDEO_SIZE(+2); VIDEO_COUNT(+2)
jz-260706zm80-3821232167,,71,FIRST_VIDEO_SIZE(+2); FIRST_VIDEO_LENGTH(+2); AVERAGE_VIDEO_SIZE(+2); VIDEO_COUNT(+2)
jz-ydp9z9-3746808297,,60,FIRST_VIDEO_SIZE(+2); FIRST_VIDEO_LENGTH(+2); AVERAGE_VIDEO_SIZE(+2); VIDEO_COUNT(+2)
LZ-5wxmmp-4103324770,,75,FIRST_VIDEO_SIZE(+2); FIRST_VIDEO_LENGTH(+2); AVERAGE_VIDEO_SIZE(+2); VIDEO_COUNT(+2)
1753226675-rfgt,,61,FIRST_VIDEO_SIZE(+2); FIRST_VIDEO_LENGTH(+2); AVERAGE_VIDEO_SIZE(+2); VIDEO_COUNT(+2)
3230402678-vvcz,,79,FIRST_VIDEO_SIZE(+2); FIRST_VIDEO_LENGTH(+2); AVERAGE_VIDEO_SIZE(+2); VIDEO_COUNT(+2)
jz-2607113a6c-1948964177,,73,FIRST_VIDEO_SIZE(+2); FIRST_VIDEO_LENGTH(+2); AVERAGE_VIDEO_SIZE(+2); VIDEO_COUNT(+2)
jz-2nf96y-3879939109,,76,FIRST_VIDEO_SIZE(+2); FIRST_VIDEO_LENGTH(+2); AVERAGE_VIDEO_SIZE(+2); VIDEO_COUNT(+2)
jz-mn9jc2-1671176882,,67,FIRST_VIDEO_SIZE(+2); FIRST_VIDEO_LENGTH(+2); AVERAGE_VIDEO_SIZE(+2); VIDEO_COUNT(+2)
jz-uly3uk-2075640112,,70,FIRST_VIDEO_SIZE(+2); FIRST_VIDEO_LENGTH(+2); AVERAGE_VIDEO_SIZE(+2); VIDEO_COUNT(+2)
LZ-3316195413,,76,FIRST_VIDEO_SIZE(+2); FIRST_VIDEO_LENGTH(+2); AVERAGE_VIDEO_SIZE(+2); VIDEO_COUNT(+2)
LZ-3333147241,,75,FIRST_VIDEO_SIZE(+2); FIRST_VIDEO_LENGTH(+2); AVERAGE_VIDEO_SIZE(+2); VIDEO_COUNT(+2)
LZ-5wxmmp-4267235912,,69,FIRST_VIDEO_SIZE(+2); FIRST_VIDEO_LENGTH(+2); AVERAGE_VIDEO_SIZE(+2); VIDEO_COUNT(+2)
LZ01-1782439639,,68,FIRST_VIDEO_SIZE(+2); FIRST_VIDEO_LENGTH(+2); AVERAGE_VIDEO_SIZE(+2); VIDEO_COUNT(+2)
YCXP-l342yy-4798335513,,67,FIRST_VIDEO_SIZE(+2); FIRST_VIDEO_LENGTH(+2); AVERAGE_VIDEO_SIZE(+2); VIDEO_COUNT(+2)
3010231266-OUQR,,75,FIRST_VIDEO_SIZE(+2); FIRST_VIDEO_LENGTH(+2); AVERAGE_VIDEO_SIZE(+2); VIDEO_COUNT(+2)
jz-mn9jc2-1706276890,,68,FIRST_VIDEO_SIZE(+2); FIRST_VIDEO_LENGTH(+2); AVERAGE_VIDEO_SIZE(+2); VIDEO_COUNT(+2)
jz-mn9jc2-3289650616,,68,FIRST_VIDEO_SIZE(+2); FIRST_VIDEO_LENGTH(+2); AVERAGE_VIDEO_SIZE(+2); VIDEO_COUNT(+2)
jz-tar3ab-3707006237,,73,FIRST_VIDEO_SIZE(+2); FIRST_VIDEO_LENGTH(+2); AVERAGE_VIDEO_SIZE(+2); VIDEO_COUNT(+2)
LZ-3389888684,,66,FIRST_VIDEO_SIZE(+2); FIRST_VIDEO_LENGTH(+2); AVERAGE_VIDEO_SIZE(+2); VIDEO_COUNT(+2)
ZS260824eyf4-3298531410,,68,FIRST_VIDEO_SIZE(+1); AVERAGE_VIDEO_SIZE(+1)
ZS260824eyf4-4759970385,,68,FIRST_VIDEO_SIZE(+1); AVERAGE_VIDEO_SIZE(+1)
ZS260824eyf4-4760005065,,68,FIRST_VIDEO_SIZE(+1); AVERAGE_VIDEO_SIZE(+1)
ZS260824eyf4-4760023972,,68,FIRST_VIDEO_SIZE(+1); AVERAGE_VIDEO_SIZE(+1)
1606492393-H3Fo,,69,FIRST_VIDEO_SIZE(+2); FIRST_VIDEO_LENGTH(+2); AVERAGE_VIDEO_SIZE(+2); VIDEO_COUNT(+2)
3156131182-YEGy,,72,FIRST_VIDEO_SIZE(+2); FIRST_VIDEO_LENGTH(+2); AVERAGE_VIDEO_SIZE(+2); VIDEO_COUNT(+2)
jz-gjoym9-1595789062,,69,FIRST_VIDEO_SIZE(+2); FIRST_VIDEO_LENGTH(+2); AVERAGE_VIDEO_SIZE(+2); VIDEO_COUNT(+2)
jz-ohz2j9-3926158332,,79,FIRST_VIDEO_SIZE(+2); FIRST_VIDEO_LENGTH(+2); AVERAGE_VIDEO_SIZE(+2); VIDEO_COUNT(+2)
LZ01-2879145528,,73,FIRST_VIDEO_SIZE(+2); FIRST_VIDEO_LENGTH(+2); AVERAGE_VIDEO_SIZE(+2); VIDEO_COUNT(+2)
LZ01-3462957862,,78,FIRST_VIDEO_SIZE(+2); FIRST_VIDEO_LENGTH(+2); AVERAGE_VIDEO_SIZE(+2); VIDEO_COUNT(+2)
2254781123-vK77,,70,FIRST_VIDEO_SIZE(+2); FIRST_VIDEO_LENGTH(+2); AVERAGE_VIDEO_SIZE(+2); VIDEO_COUNT(+2)
2621600147-W63x,,74,FIRST_VIDEO_SIZE(+2); FIRST_VIDEO_LENGTH(+2); AVERAGE_VIDEO_SIZE(+2); VIDEO_COUNT(+2)
3019018255-b2dx,,70,FIRST_VIDEO_SIZE(+2); FIRST_VIDEO_LENGTH(+2); AVERAGE_VIDEO_SIZE(+2); VIDEO_COUNT(+2)
3098319794-JjkG,,75,FIRST_VIDEO_SIZE(+2); FIRST_VIDEO_LENGTH(+2); AVERAGE_VIDEO_SIZE(+2); VIDEO_COUNT(+2)
Eufy C28-15w,,78,FIRST_VIDEO_SIZE(+2); FIRST_VIDEO_LENGTH(+2); AVERAGE_VIDEO_SIZE(+2); VIDEO_COUNT(+2)
LZ-f2484t-5170768053,,70,FIRST_VIDEO_SIZE(+2); FIRST_VIDEO_LENGTH(+2); AVERAGE_VIDEO_SIZE(+2); VIDEO_COUNT(+2)
LZ01-3395501590,,69,FIRST_VIDEO_SIZE(+2); FIRST_VIDEO_LENGTH(+2); AVERAGE_VIDEO_SIZE(+2); VIDEO_COUNT(+2)
GYS-fq6f2z-3057497088,,71,FIRST_VIDEO_SIZE(+2); FIRST_VIDEO_LENGTH(+2); AVERAGE_VIDEO_SIZE(+2); VIDEO_COUNT(+2)
GYS-fq6f2z-4615922470,,71,FIRST_VIDEO_SIZE(+2); FIRST_VIDEO_LENGTH(+2); AVERAGE_VIDEO_SIZE(+2); VIDEO_COUNT(+2)
jz-260622urze-4717233398,,71,FIRST_VIDEO_SIZE(+1); AVERAGE_VIDEO_SIZE(+1)
jz-fq6fzb-3724736665,,74,FIRST_VIDEO_SIZE(+2); FIRST_VIDEO_LENGTH(+2); AVERAGE_VIDEO_SIZE(+2); VIDEO_COUNT(+2)
jz-uezs1s-4962631829,,75,FIRST_VIDEO_SIZE(+2); FIRST_VIDEO_LENGTH(+2); AVERAGE_VIDEO_SIZE(+2); VIDEO_COUNT(+2)
jz-uly3uk-3967442783,,71,FIRST_VIDEO_SIZE(+2); FIRST_VIDEO_LENGTH(+2); AVERAGE_VIDEO_SIZE(+2); VIDEO_COUNT(+2)
LZ-3427963436,,74,FIRST_VIDEO_SIZE(+2); FIRST_VIDEO_LENGTH(+2); AVERAGE_VIDEO_SIZE(+2); VIDEO_COUNT(+2)
LZ01-3212969636,,66,FIRST_VIDEO_SIZE(+2); FIRST_VIDEO_LENGTH(+2); AVERAGE_VIDEO_SIZE(+2); VIDEO_COUNT(+2)
zm-50gvam-5285587017,,66,FIRST_VIDEO_SIZE(+2); FIRST_VIDEO_LENGTH(+2); AVERAGE_VIDEO_SIZE(+2); VIDEO_COUNT(+2)
ZS260828lmzn-5630031354,,71,FIRST_VIDEO_SIZE(+2); FIRST_VIDEO_LENGTH(+2); AVERAGE_VIDEO_SIZE(+2); VIDEO_COUNT(+2)
ZS260828lmzn-5630058742,,71,FIRST_VIDEO_SIZE(+2); FIRST_VIDEO_LENGTH(+2); AVERAGE_VIDEO_SIZE(+2); VIDEO_COUNT(+2)
ZS260828lmzn-5630104302,,71,FIRST_VIDEO_SIZE(+2); FIRST_VIDEO_LENGTH(+2); AVERAGE_VIDEO_SIZE(+2); VIDEO_COUNT(+2)
1788712848-Z5KB,,70,FIRST_VIDEO_SIZE(+2); FIRST_VIDEO_LENGTH(+2); AVERAGE_VIDEO_SIZE(+2); VIDEO_COUNT(+2)
2567819118-fdJA,,79,FIRST_VIDEO_SIZE(+2); FIRST_VIDEO_LENGTH(+2); AVERAGE_VIDEO_SIZE(+2); VIDEO_COUNT(+2)
3018991068-g1hw,,64,FIRST_VIDEO_SIZE(+2); FIRST_VIDEO_LENGTH(+2); AVERAGE_VIDEO_SIZE(+2); VIDEO_COUNT(+2)
3299705825-PJce,,72,FIRST_VIDEO_SIZE(+2); FIRST_VIDEO_LENGTH(+2); AVERAGE_VIDEO_SIZE(+2); VIDEO_COUNT(+2)
CUAXHSGAKDMBEKQ,,77,FIRST_VIDEO_SIZE(+2); FIRST_VIDEO_LENGTH(+2); AVERAGE_VIDEO_SIZE(+2); VIDEO_COUNT(+2)
jz-260815am9t-820423832,,79,FIRST_VIDEO_SIZE(+1); AVERAGE_VIDEO_SIZE(+1)
jz-gjoym9-1595796462,,75,FIRST_VIDEO_SIZE(+2); FIRST_VIDEO_LENGTH(+2); AVERAGE_VIDEO_SIZE(+2); VIDEO_COUNT(+2)
1687512140-VwVs,,73,FIRST_VIDEO_SIZE(+2); FIRST_VIDEO_LENGTH(+2); AVERAGE_VIDEO_SIZE(+2); VIDEO_COUNT(+2)
2673557387-m2lf,,73,FIRST_VIDEO_SIZE(+2); FIRST_VIDEO_LENGTH(+2); AVERAGE_VIDEO_SIZE(+2); VIDEO_COUNT(+2)
jz-uly3uk-4686738287,,77,FIRST_VIDEO_SIZE(+2); FIRST_VIDEO_LENGTH(+2); AVERAGE_VIDEO_SIZE(+2); VIDEO_COUNT(+2)
1919125420-vK3n,,74,FIRST_VIDEO_SIZE(+1); AVERAGE_VIDEO_SIZE(+1)
192f-2,,74,FIRST_VIDEO_SIZE(+2); FIRST_VIDEO_LENGTH(+2); AVERAGE_VIDEO_SIZE(+2); VIDEO_COUNT(+2)
jz-260707re42-2194231723,,72,FIRST_VIDEO_SIZE(+2); FIRST_VIDEO_LENGTH(+2); AVERAGE_VIDEO_SIZE(+2); VIDEO_COUNT(+2)
jz-33hanu-3939001983,,76,FIRST_VIDEO_SIZE(+2); FIRST_VIDEO_LENGTH(+2); AVERAGE_VIDEO_SIZE(+2); VIDEO_COUNT(+2)
CrecvklcYTV89im,,66,FIRST_VIDEO_SIZE(+2); FIRST_VIDEO_LENGTH(+2); AVERAGE_VIDEO_SIZE(+2); VIDEO_COUNT(+2)
jz-dh3dbz-3768260047,,72,FIRST_VIDEO_SIZE(+2); FIRST_VIDEO_LENGTH(+2); AVERAGE_VIDEO_SIZE(+2); VIDEO_COUNT(+2)
jz-tar3ab-3816159851,,75,FIRST_VIDEO_SIZE(+2); FIRST_VIDEO_LENGTH(+2); AVERAGE_VIDEO_SIZE(+2); VIDEO_COUNT(+2)
jz-ydp9z9-3189475439,,73,FIRST_VIDEO_SIZE(+2); FIRST_VIDEO_LENGTH(+2); AVERAGE_VIDEO_SIZE(+2); VIDEO_COUNT(+2)
LZ-qtsoul-5148771361-4,,75,FIRST_VIDEO_SIZE(+2); FIRST_VIDEO_LENGTH(+2); AVERAGE_VIDEO_SIZE(+2); VIDEO_COUNT(+2)
2765429511-8Ghh,,78,FIRST_VIDEO_SIZE(+2); FIRST_VIDEO_LENGTH(+2); AVERAGE_VIDEO_SIZE(+2); VIDEO_COUNT(+2)
2872717178-UeMT,,79,FIRST_VIDEO_SIZE(+2); FIRST_VIDEO_LENGTH(+2); AVERAGE_VIDEO_SIZE(+2); VIDEO_COUNT(+2)
jz-33hanu-3758650994,,78,FIRST_VIDEO_SIZE(+2); FIRST_VIDEO_LENGTH(+2); AVERAGE_VIDEO_SIZE(+2); VIDEO_COUNT(+2)
jz-79kd0n-2205652432,,79,FIRST_VIDEO_SIZE(+2); FIRST_VIDEO_LENGTH(+2); AVERAGE_VIDEO_SIZE(+2); VIDEO_COUNT(+2)
jz-gxi10h-769385542,,62,FIRST_VIDEO_SIZE(+2); FIRST_VIDEO_LENGTH(+2); AVERAGE_VIDEO_SIZE(+2); VIDEO_COUNT(+2)
jz-tar3ab-4272941250,,76,FIRST_VIDEO_SIZE(+2); FIRST_VIDEO_LENGTH(+2); AVERAGE_VIDEO_SIZE(+2); VIDEO_COUNT(+2)
jz-tar3ab-4272943920,,76,FIRST_VIDEO_SIZE(+2); FIRST_VIDEO_LENGTH(+2); AVERAGE_VIDEO_SIZE(+2); VIDEO_COUNT(+2)
JZQCGLWDIFVXPD,,75,FIRST_VIDEO_SIZE(+2); FIRST_VIDEO_LENGTH(+2); AVERAGE_VIDEO_SIZE(+2); VIDEO_COUNT(+2)
LZ-3292743084,,64,FIRST_VIDEO_SIZE(+2); FIRST_VIDEO_LENGTH(+2); AVERAGE_VIDEO_SIZE(+2); VIDEO_COUNT(+2)
ZS260824eyf4-4759978835,,76,FIRST_VIDEO_SIZE(+1); AVERAGE_VIDEO_SIZE(+1)
1682621938-ecor,,64,FIRST_VIDEO_SIZE(+2); FIRST_VIDEO_LENGTH(+2); AVERAGE_VIDEO_SIZE(+2); VIDEO_COUNT(+2)
2254903973-pRym,,76,FIRST_VIDEO_SIZE(+2); FIRST_VIDEO_LENGTH(+2); AVERAGE_VIDEO_SIZE(+2); VIDEO_COUNT(+2)
2328992593-ho9j,,71,FIRST_VIDEO_SIZE(+2); FIRST_VIDEO_LENGTH(+2); AVERAGE_VIDEO_SIZE(+2); VIDEO_COUNT(+2)
2624472423-HDp0,,77,FIRST_VIDEO_SIZE(+2); FIRST_VIDEO_LENGTH(+2); AVERAGE_VIDEO_SIZE(+2); VIDEO_COUNT(+2)
Crecvk7vA4Gz5TY,,79,FIRST_VIDEO_SIZE(+2); FIRST_VIDEO_LENGTH(+2); AVERAGE_VIDEO_SIZE(+2); VIDEO_COUNT(+2)
Crecvk7x0g2nAXA,,79,FIRST_VIDEO_SIZE(+2); FIRST_VIDEO_LENGTH(+2); AVERAGE_VIDEO_SIZE(+2); VIDEO_COUNT(+2)
Crecvk7x13q0hR6,,79,FIRST_VIDEO_SIZE(+2); FIRST_VIDEO_LENGTH(+2); AVERAGE_VIDEO_SIZE(+2); VIDEO_COUNT(+2)
jz-dh3dbz-4244256277,,72,FIRST_VIDEO_SIZE(+2); FIRST_VIDEO_LENGTH(+2); AVERAGE_VIDEO_SIZE(+2); VIDEO_COUNT(+2)
jz-dyo0tp-3209307098,,70,FIRST_VIDEO_SIZE(+2); FIRST_VIDEO_LENGTH(+2); AVERAGE_VIDEO_SIZE(+2); VIDEO_COUNT(+2)
ZS01-4234434714,,77,FIRST_VIDEO_SIZE(+2); FIRST_VIDEO_LENGTH(+2); AVERAGE_VIDEO_SIZE(+2); VIDEO_COUNT(+2)
ZS260824eyf4-4844330765,,77,FIRST_VIDEO_SIZE(+1); AVERAGE_VIDEO_SIZE(+1)
ZS260824eyf4-4844331241,,77,FIRST_VIDEO_SIZE(+1); AVERAGE_VIDEO_SIZE(+1)
ZS260824eyf4-4844331599,,77,FIRST_VIDEO_SIZE(+1); AVERAGE_VIDEO_SIZE(+1)
ZS260824eyf4-4844332102,,77,FIRST_VIDEO_SIZE(+1); AVERAGE_VIDEO_SIZE(+1)
ZS260824eyf4-4844332292,,77,FIRST_VIDEO_SIZE(+1); AVERAGE_VIDEO_SIZE(+1)
ZS260824eyf4-4844336540,,77,FIRST_VIDEO_SIZE(+1); AVERAGE_VIDEO_SIZE(+1)
ZS260824eyf4-5228989105,,77,FIRST_VIDEO_SIZE(+1); AVERAGE_VIDEO_SIZE(+1)
ZS260824eyf4-5229092512,,77,FIRST_VIDEO_SIZE(+1); AVERAGE_VIDEO_SIZE(+1)
ZS260824eyf4-5229111414,,77,FIRST_VIDEO_SIZE(+1); AVERAGE_VIDEO_SIZE(+1)
2747367191-CicZ,,70,FIRST_VIDEO_SIZE(+2); FIRST_VIDEO_LENGTH(+2); AVERAGE_VIDEO_SIZE(+2); VIDEO_COUNT(+2)
GYS-8jlgyl-2712567392,,78,FIRST_VIDEO_SIZE(+2); FIRST_VIDEO_LENGTH(+2); AVERAGE_VIDEO_SIZE(+2); VIDEO_COUNT(+2)
jz-6ijfoz-1745610293,,74,FIRST_VIDEO_SIZE(+2); FIRST_VIDEO_LENGTH(+2); AVERAGE_VIDEO_SIZE(+2); VIDEO_COUNT(+2)
jz-gxi10h-3522754906,,74,FIRST_VIDEO_SIZE(+2); FIRST_VIDEO_LENGTH(+2); AVERAGE_VIDEO_SIZE(+2); VIDEO_COUNT(+2)
JZQCGLWDIFVXPD-kaqi,,77,FIRST_VIDEO_SIZE(+2); FIRST_VIDEO_LENGTH(+2); AVERAGE_VIDEO_SIZE(+2); VIDEO_COUNT(+2)
1758927716-Phqj,,75,FIRST_VIDEO_SIZE(+2); FIRST_VIDEO_LENGTH(+2); AVERAGE_VIDEO_SIZE(+2); VIDEO_COUNT(+2)
1981922283-xmrc,,79,FIRST_VIDEO_SIZE(+2); FIRST_VIDEO_LENGTH(+2); AVERAGE_VIDEO_SIZE(+2); VIDEO_COUNT(+2)
jz-uly3uk-2775381620,,76,FIRST_VIDEO_SIZE(+2); FIRST_VIDEO_LENGTH(+2); AVERAGE_VIDEO_SIZE(+2); VIDEO_COUNT(+2)
jz-uly3uk-2775381620-cai,,79,FIRST_VIDEO_SIZE(+2); FIRST_VIDEO_LENGTH(+2); AVERAGE_VIDEO_SIZE(+2); VIDEO_COUNT(+2)
jz-uly3uk-2775381620-lan,,74,FIRST_VIDEO_SIZE(+2); FIRST_VIDEO_LENGTH(+2); AVERAGE_VIDEO_SIZE(+2); VIDEO_COUNT(+2)
jz-ydp9z9-3017949541,,79,FIRST_VIDEO_SIZE(+2); FIRST_VIDEO_LENGTH(+2); AVERAGE_VIDEO_SIZE(+2); VIDEO_COUNT(+2)
LZ01-3218807386,,74,FIRST_VIDEO_SIZE(+2); FIRST_VIDEO_LENGTH(+2); AVERAGE_VIDEO_SIZE(+2); VIDEO_COUNT(+2)
