offerId,name,now,剩余图片类建议
jz-43c4a1-3989854024,,63,PICTURE_COUNT(+7); FIRST_PICTURE_SIZE(+7); AVERAGE_PICTURE_SIZE(+1)
jz-74no4j-4373210704,,62,FIRST_PICTURE_SIZE(+15); AVERAGE_PICTURE_SIZE(+1)
jz-2608156czu-5434366857,,69,PICTURE_COUNT(+7); FIRST_PICTURE_SIZE(+4)
jz-74no4j-4209730086,,66,PICTURE_COUNT(+1); FIRST_PICTURE_SIZE(+15); AVERAGE_PICTURE_SIZE(+1)
jz-2nf96y-3985003257,,46,PICTURE_COUNT(+5); FIRST_PICTURE_SIZE(+22); AVERAGE_PICTURE_SIZE(+2)
GYS-fq6f2z-4615699926,,31,PICTURE_COUNT(+1); FIRST_PICTURE_SIZE(+9); AVERAGE_PICTURE_SIZE(+1)
jz-260803cn42-5219380044,,69,PICTURE_COUNT(+7); FIRST_PICTURE_SIZE(+5); AVERAGE_PICTURE_SIZE(+1)
jz-bl4yse-4510686580,,56,FIRST_PICTURE_SIZE(+9); AVERAGE_PICTURE_SIZE(+1)
LZ-5wxmmp-5131474742,,69,PICTURE_COUNT(+3); FIRST_PICTURE_SIZE(+5)
GYS-fq6f2z-4615873227,,32,PICTURE_COUNT(+3); FIRST_PICTURE_SIZE(+5); AVERAGE_PICTURE_SIZE(+1)
LZ01-3153456655,,55,PICTURE_COUNT(+3); FIRST_PICTURE_SIZE(+10); AVERAGE_PICTURE_SIZE(+1)
GYS-fq6f2z-4553124196,,33,PICTURE_COUNT(+3); FIRST_PICTURE_SIZE(+5); AVERAGE_PICTURE_SIZE(+1)
jz-5iiqgn-3879357364,,61,PICTURE_COUNT(+3); FIRST_PICTURE_SIZE(+7); AVERAGE_PICTURE_SIZE(+1)
jz-v6j4ej-4892018892,,79,FIRST_PICTURE_SIZE(+8)
LZ-5wxmmp-4797066763,,68,FIRST_PICTURE_SIZE(+12); AVERAGE_PICTURE_SIZE(+1)
LZ-5wxmmp-4932050925,,53,PICTURE_COUNT(+3); FIRST_PICTURE_SIZE(+14); AVERAGE_PICTURE_SIZE(+2)
LZ01-3700237250,,72,PICTURE_COUNT(+4); FIRST_PICTURE_SIZE(+5); AVERAGE_PICTURE_SIZE(+1)
GYS-fq6f2z-3659202919,,58,FIRST_PICTURE_SIZE(+6); AVERAGE_PICTURE_SIZE(+1)
GYS-fq6f2z-4553677981,,34,PICTURE_COUNT(+3); FIRST_PICTURE_SIZE(+3)
jz-260811hiq7-2670822183,,71,FIRST_PICTURE_SIZE(+9); AVERAGE_PICTURE_SIZE(+1)
LZ-f2484t-5258063832,,34,FIRST_PICTURE_SIZE(+3)
2964996732-Yg2K,,75,PICTURE_COUNT(+5); FIRST_PICTURE_SIZE(+3)
GYS260908v69a-5090920443,,60,PICTURE_COUNT(+3); FIRST_PICTURE_SIZE(+9); AVERAGE_PICTURE_SIZE(+1)
jz-2nf96y-4687001659,,67,PICTURE_COUNT(+7); FIRST_PICTURE_SIZE(+9); AVERAGE_PICTURE_SIZE(+1)
jz-74no4j-3561354696,,73,PICTURE_COUNT(+7)
jz-ydp9z9-3416299746,,35,PICTURE_COUNT(+4)
LZ-3515392694,,62,FIRST_PICTURE_SIZE(+7)
LZ01-3797802382,,66,PICTURE_COUNT(+5); FIRST_PICTURE_SIZE(+6)
GYS-fq6f2z-4552954169,,36,PICTURE_COUNT(+3); FIRST_PICTURE_SIZE(+3)
GYS-fq6f2z-4553759892,,36,PICTURE_COUNT(+1); FIRST_PICTURE_SIZE(+3)
GYS-fq6f2z-4553799505,,36,PICTURE_COUNT(+3); FIRST_PICTURE_SIZE(+3)
jz-dh3dbz-4007177956,,64,PICTURE_COUNT(+1); FIRST_PICTURE_SIZE(+8); AVERAGE_PICTURE_SIZE(+1)
jz-wfvstx-2842818026,,71,PICTURE_COUNT(+7)
LZ-5wxmmp-4901190632,,64,PICTURE_COUNT(+4); FIRST_PICTURE_SIZE(+5); AVERAGE_PICTURE_SIZE(+1)
YCXP-l342yy-3585904163,,79,PICTURE_COUNT(+1); FIRST_PICTURE_SIZE(+4)
3149800169-B17G,,78,FIRST_PICTURE_SIZE(+3)
3211609218-Wlxa,,64,PICTURE_COUNT(+4); FIRST_PICTURE_SIZE(+5); AVERAGE_PICTURE_SIZE(+1)
GYS-8jlgyl-3939969235,,73,FIRST_PICTURE_SIZE(+2); AVERAGE_PICTURE_SIZE(+1)
GYS-fq6f2z-4553961667,,37,PICTURE_COUNT(+1); FIRST_PICTURE_SIZE(+4)
GYS-fq6f2z-4616292549,,37,FIRST_PICTURE_SIZE(+2)
GYS-vhijp3-5099888679,,73,PICTURE_COUNT(+3); FIRST_PICTURE_SIZE(+9); AVERAGE_PICTURE_SIZE(+1)
GYS-vhijp3-5099889862,,72,PICTURE_COUNT(+3); FIRST_PICTURE_SIZE(+9); AVERAGE_PICTURE_SIZE(+1)
jz-74no4j-2087335319,,74,PICTURE_COUNT(+2); FIRST_PICTURE_SIZE(+6); AVERAGE_PICTURE_SIZE(+1)
jz-wfvstx-5144854901,,69,PICTURE_COUNT(+3)
LZ01-3415413161,,59,FIRST_PICTURE_SIZE(+3)
LZ01-3521599428,,64,FIRST_PICTURE_SIZE(+3); AVERAGE_PICTURE_SIZE(+1)
2116206499-jOkn,,79,FIRST_PICTURE_SIZE(+3)
GYS-vhijp3-4742394697,,62,FIRST_PICTURE_SIZE(+11); AVERAGE_PICTURE_SIZE(+1)
jz-260811hiq7-2670742764,,75,FIRST_PICTURE_SIZE(+5); AVERAGE_PICTURE_SIZE(+1)
jz-260811hiq7-2670742773,,73,FIRST_PICTURE_SIZE(+5); AVERAGE_PICTURE_SIZE(+1)
jz-260811hiq7-2670742802,,72,FIRST_PICTURE_SIZE(+5); AVERAGE_PICTURE_SIZE(+1)
jz-260811hiq7-2670742898,,75,FIRST_PICTURE_SIZE(+5); AVERAGE_PICTURE_SIZE(+1)
jz-260811hiq7-2670743136,,75,FIRST_PICTURE_SIZE(+5); AVERAGE_PICTURE_SIZE(+1)
jz-260811hiq7-2670743549,,75,FIRST_PICTURE_SIZE(+5); AVERAGE_PICTURE_SIZE(+1)
jz-260811hiq7-2670743683,,77,FIRST_PICTURE_SIZE(+5); AVERAGE_PICTURE_SIZE(+1)
jz-260811hiq7-2670744596,,75,FIRST_PICTURE_SIZE(+5); AVERAGE_PICTURE_SIZE(+1)
jz-260811hiq7-2670746114,,75,FIRST_PICTURE_SIZE(+5); AVERAGE_PICTURE_SIZE(+1)
jz-260811hiq7-2670749886,,77,FIRST_PICTURE_SIZE(+5); AVERAGE_PICTURE_SIZE(+1)
jz-260811hiq7-2670750638,,75,FIRST_PICTURE_SIZE(+5); AVERAGE_PICTURE_SIZE(+1)
jz-260811hiq7-3711915302,,77,FIRST_PICTURE_SIZE(+5); AVERAGE_PICTURE_SIZE(+1)
jz-260811hiq7-3711915587,,77,FIRST_PICTURE_SIZE(+5); AVERAGE_PICTURE_SIZE(+1)
jz-ra4xyb-4315952972,,71,PICTURE_COUNT(+4)
jz-wfvstx-4301508006,,67,PICTURE_COUNT(+1)
jz-wfvstx-4301587457,,77,PICTURE_COUNT(+1)
jz-wfvstx-4301699757,,77,PICTURE_COUNT(+1)
jz-wfvstx-5143748015,,72,PICTURE_COUNT(+4); FIRST_PICTURE_SIZE(+4)
YCXP-l342yy-3119072834,,38,FIRST_PICTURE_SIZE(+3)
GYS-fq6f2z-3057483785,,39,FIRST_PICTURE_SIZE(+5); AVERAGE_PICTURE_SIZE(+1)
GYS-fq6f2z-3057497027,,39,FIRST_PICTURE_SIZE(+5); AVERAGE_PICTURE_SIZE(+1)
GYS-fq6f2z-3057497549,,39,FIRST_PICTURE_SIZE(+5); AVERAGE_PICTURE_SIZE(+1)
GYS-fq6f2z-4615620705,,39,FIRST_PICTURE_SIZE(+3)
GYS260908v69a-5090922931,,74,FIRST_PICTURE_SIZE(+9)
jz-63ha0a-3582585986,,39,PICTURE_COUNT(+7)
jz-wfvstx-3552652076,,78,PICTURE_COUNT(+4)
jz-wfvstx-5201012522,,63,PICTURE_COUNT(+3); FIRST_PICTURE_SIZE(+4)
jz-wfvstx-5561954586,,73,PICTURE_COUNT(+3); FIRST_PICTURE_SIZE(+4)
jz-ydp9z9-2266770360,,69,FIRST_PICTURE_SIZE(+9); AVERAGE_PICTURE_SIZE(+1)
LZ-00mkoz-3585904163,,39,FIRST_PICTURE_SIZE(+4)
LZ-puuvyc-5155741591,,78,FIRST_PICTURE_SIZE(+4)
MzQwMzc-3VPSSIJ3,,71,AVERAGE_PICTURE_SIZE(+1)
B20260512-002-0005R,,79,FIRST_PICTURE_SIZE(+5); AVERAGE_PICTURE_SIZE(+1)
GYS-fq6f2z-4616737293,,40,FIRST_PICTURE_SIZE(+2)
jz-74no4j-3399738004,,72,PICTURE_COUNT(+3); FIRST_PICTURE_SIZE(+5)
jz-74no4j-4284339946,,67,FIRST_PICTURE_SIZE(+10); AVERAGE_PICTURE_SIZE(+1)
jz-wfvstx-3162712154,,78,PICTURE_COUNT(+4)
jz-wfvstx-3590502855,,77,FIRST_PICTURE_SIZE(+5); AVERAGE_PICTURE_SIZE(+1)
jz-wfvstx-4939003588,,69,PICTURE_COUNT(+3)
jz-ydp9z9-3644543740,,78,PICTURE_COUNT(+3); FIRST_PICTURE_SIZE(+5); AVERAGE_PICTURE_SIZE(+1)
LZ01-3699596285,,75,FIRST_PICTURE_SIZE(+3)
3006371732-OPvT,,66,PICTURE_COUNT(+5); FIRST_PICTURE_SIZE(+4)
GYS-1574237539,,45,PICTURE_COUNT(+5); FIRST_PICTURE_SIZE(+16); AVERAGE_PICTURE_SIZE(+2)
GYS-fq6f2z-4276370160,,63,AVERAGE_PICTURE_SIZE(+1)
GYS-pun1uz-3960169151,,78,FIRST_PICTURE_SIZE(+4)
GYS-pun1uz-4291750077,,72,FIRST_PICTURE_SIZE(+5); AVERAGE_PICTURE_SIZE(+1)
jz-260713l1mj-1121586055,,74,PICTURE_COUNT(+4)
jz-wfvstx-3901799346,,79,PICTURE_COUNT(+3)
jz-wfvstx-4330637792,,77,PICTURE_COUNT(+3)
jz-wfvstx-4330708241,,79,PICTURE_COUNT(+3)
jz-wfvstx-4649277975,,74,FIRST_PICTURE_SIZE(+3)
jz-wfvstx-4650564205,,77,FIRST_PICTURE_SIZE(+3)
jz-wfvstx-4686476223,,65,PICTURE_COUNT(+1); FIRST_PICTURE_SIZE(+4)
jz-wfvstx-4737624802,,47,PICTURE_COUNT(+1); FIRST_PICTURE_SIZE(+4)
jz-wfvstx-5123472553,,63,PICTURE_COUNT(+4); FIRST_PICTURE_SIZE(+14); AVERAGE_PICTURE_SIZE(+1)
LZ-5wxmmp-5077951478,,64,FIRST_PICTURE_SIZE(+8)
LZ01-2435533049,,72,PICTURE_COUNT(+3); FIRST_PICTURE_SIZE(+4); AVERAGE_PICTURE_SIZE(+1)
SF2608248fhz-4231125310,,61,FIRST_PICTURE_SIZE(+15)
2903676250-0z9Y,,67,FIRST_PICTURE_SIZE(+15)
3204821209-b98Z,,79,FIRST_PICTURE_SIZE(+5); AVERAGE_PICTURE_SIZE(+1)
GYS-8jlgyl-3123585702,,42,FIRST_PICTURE_SIZE(+5)
GYS-pun1uz-4653223595,,71,FIRST_PICTURE_SIZE(+4)
GYS-vhijp3-4100718199,,63,PICTURE_COUNT(+1); FIRST_PICTURE_SIZE(+9); AVERAGE_PICTURE_SIZE(+1)
GYS-vhijp3-5098696405,,64,PICTURE_COUNT(+1); FIRST_PICTURE_SIZE(+9); AVERAGE_PICTURE_SIZE(+1)
GYS-vhijp3-5098697255,,59,PICTURE_COUNT(+1); FIRST_PICTURE_SIZE(+9); AVERAGE_PICTURE_SIZE(+1)
jz-260811hiq7-3494718480,,79,FIRST_PICTURE_SIZE(+1); AVERAGE_PICTURE_SIZE(+1)
jz-260816bapr-2451803868,,42,PICTURE_COUNT(+4); FIRST_PICTURE_SIZE(+4)
jz-2rqa92-4583278101,,77,PICTURE_COUNT(+5)
jz-43c4a1-3778788360,,72,PICTURE_COUNT(+1); FIRST_PICTURE_SIZE(+8); AVERAGE_PICTURE_SIZE(+1)
jz-8q6voe-487884946,,72,PICTURE_COUNT(+7)
jz-ub82eq-4780179559,,66,FIRST_PICTURE_SIZE(+4)
jz-wfvstx-3047703793,,76,FIRST_PICTURE_SIZE(+4)
jz-wfvstx-3307075800,,73,PICTURE_COUNT(+3); FIRST_PICTURE_SIZE(+5); AVERAGE_PICTURE_SIZE(+1)
jz-wfvstx-3941139893,,76,PICTURE_COUNT(+4)
jz-wfvstx-5343364371,,77,PICTURE_COUNT(+1)
jz-ydp9z9-2908484018,,79,FIRST_PICTURE_SIZE(+6); AVERAGE_PICTURE_SIZE(+1)
LZ01-3579731718,,72,FIRST_PICTURE_SIZE(+5)
GYS-8jlgyl-3010446590,,77,PICTURE_COUNT(+2); FIRST_PICTURE_SIZE(+6); AVERAGE_PICTURE_SIZE(+1)
GYS-pun1uz-3781684625,,63,FIRST_PICTURE_SIZE(+4)
GYS-pun1uz-4467285120,,78,FIRST_PICTURE_SIZE(+5)
GYS-vhijp3-3456092635,,69,PICTURE_COUNT(+5); FIRST_PICTURE_SIZE(+2)
jz-260807i2zt-1912292054,,79,FIRST_PICTURE_SIZE(+9); AVERAGE_PICTURE_SIZE(+1)
jz-a4wnxu-2968195412,,70,FIRST_PICTURE_SIZE(+5)
jz-dh3dbz-4248790101,,63,PICTURE_COUNT(+5); FIRST_PICTURE_SIZE(+8); AVERAGE_PICTURE_SIZE(+1)
jz-wfvstx-3249700687,,76,PICTURE_COUNT(+3); FIRST_PICTURE_SIZE(+4)
jz-wfvstx-3297705943,,65,PICTURE_COUNT(+7)
jz-wfvstx-5292932518,,76,FIRST_PICTURE_SIZE(+4)
jz-wfvstx-5490466239,,67,PICTURE_COUNT(+3)
jz-ydp9z9-3307533196,,62,PICTURE_COUNT(+3); FIRST_PICTURE_SIZE(+7); AVERAGE_PICTURE_SIZE(+1)
LZ01-3503220298,,73,FIRST_PICTURE_SIZE(+3)
SF2608248fhz-3588707779,,63,FIRST_PICTURE_SIZE(+13)
jz-260811rdkx-2623930433,,44,FIRST_PICTURE_SIZE(+5)
jz-2nf96y-4261096715,,64,FIRST_PICTURE_SIZE(+5); AVERAGE_PICTURE_SIZE(+1)
jz-43c4a1-4409428297,,74,PICTURE_COUNT(+4)
jz-tar3ab-3978474361,,75,FIRST_PICTURE_SIZE(+5)
jz-tar3ab-4097510358,,78,FIRST_PICTURE_SIZE(+5); AVERAGE_PICTURE_SIZE(+1)
jz-tar3ab-4306956180,,68,PICTURE_COUNT(+4)
jz-wfvstx-4211271747,,76,PICTURE_COUNT(+3); FIRST_PICTURE_SIZE(+3)
LZ01-3467007723,,63,PICTURE_COUNT(+1); FIRST_PICTURE_SIZE(+6); AVERAGE_PICTURE_SIZE(+1)
SF2608248fhz-3588812560,,64,FIRST_PICTURE_SIZE(+12)
SF2608248fhz-3671566844,,64,FIRST_PICTURE_SIZE(+12)
3118891824-ZQeB,,72,PICTURE_COUNT(+3); FIRST_PICTURE_SIZE(+4); AVERAGE_PICTURE_SIZE(+1)
3282288781-9po0,,74,PICTURE_COUNT(+3); FIRST_PICTURE_SIZE(+4); AVERAGE_PICTURE_SIZE(+1)
B20260512-002-0004R,,73,FIRST_PICTURE_SIZE(+6); AVERAGE_PICTURE_SIZE(+1)
GYS-pun1uz-4404504422,,68,FIRST_PICTURE_SIZE(+5); AVERAGE_PICTURE_SIZE(+1)
jz-43c4a1-4609221440,,61,PICTURE_COUNT(+7); FIRST_PICTURE_SIZE(+9); AVERAGE_PICTURE_SIZE(+1)
jz-63ha0a-3071109073,,45,PICTURE_COUNT(+4); FIRST_PICTURE_SIZE(+3)
jz-mn9jc2-5325473409,,77,FIRST_PICTURE_SIZE(+4)
jz-wfvstx-3283146158,,78,PICTURE_COUNT(+1); AVERAGE_PICTURE_SIZE(+1)
jz-wfvstx-3992309918,,75,PICTURE_COUNT(+1)
jz-wfvstx-4481818592,,76,FIRST_PICTURE_SIZE(+5); AVERAGE_PICTURE_SIZE(+1)
jz-wfvstx-5053110573,,77,PICTURE_COUNT(+5)
jz-ydp9z9-4146377526,,45,FIRST_PICTURE_SIZE(+4)
LZ-5wxmmp-4932040730,,45,PICTURE_COUNT(+3)
LZ01-3405464666,,77,PICTURE_COUNT(+4); FIRST_PICTURE_SIZE(+5); AVERAGE_PICTURE_SIZE(+1)
LZ01-3411426486,,70,FIRST_PICTURE_SIZE(+4)
QZBHONG,,65,PICTURE_COUNT(+7); FIRST_PICTURE_SIZE(+9); AVERAGE_PICTURE_SIZE(+1)
2025906111-kaUz,,63,PICTURE_COUNT(+5); FIRST_PICTURE_SIZE(+5); AVERAGE_PICTURE_SIZE(+1)
GYS-nznb1s-2811812904,,60,FIRST_PICTURE_SIZE(+5)
GYS-nznb1s-3190708134,,58,PICTURE_COUNT(+1); FIRST_PICTURE_SIZE(+5); AVERAGE_PICTURE_SIZE(+1)
GYS260829u5hc-5639920360,,79,FIRST_PICTURE_SIZE(+5)
GYS260829u5hc-5639954557,,79,FIRST_PICTURE_SIZE(+5)
jz-260816bapr-2505164164,,78,FIRST_PICTURE_SIZE(+4)
jz-dyo0tp-4105697344,,73,PICTURE_COUNT(+5)
jz-tar3ab-3755092529,,75,PICTURE_COUNT(+1); FIRST_PICTURE_SIZE(+8); AVERAGE_PICTURE_SIZE(+1)
jz-wfvstx-4213917056,,78,FIRST_PICTURE_SIZE(+4)
jz-wfvstx-4233440884,,62,PICTURE_COUNT(+4)
jz-wfvstx-4818025314,,68,PICTURE_COUNT(+4)
jz-wfvstx-5143700512,,68,FIRST_PICTURE_SIZE(+4)
jz-wfvstx-5710352754,,77,PICTURE_COUNT(+1)
LZ01-2104735840,,46,FIRST_PICTURE_SIZE(+5); AVERAGE_PICTURE_SIZE(+1)
2834263883-xx9p,,63,PICTURE_COUNT(+7); FIRST_PICTURE_SIZE(+4)
2888311204-kc2Y,,66,FIRST_PICTURE_SIZE(+6); AVERAGE_PICTURE_SIZE(+1)
GYS-fq6f2z-3811952275,,47,PICTURE_COUNT(+7); FIRST_PICTURE_SIZE(+5); AVERAGE_PICTURE_SIZE(+1)
GYS-vhijp3-4281165900,,72,PICTURE_COUNT(+3)
jz-260608nw14-4263895303,,79,AVERAGE_PICTURE_SIZE(+1)
jz-2607281n44-3372240107,,73,PICTURE_COUNT(+1); FIRST_PICTURE_SIZE(+4)
jz-2nf96y-4535688933,,65,FIRST_PICTURE_SIZE(+8); AVERAGE_PICTURE_SIZE(+1)
jz-43c4a1-4160141158,,75,FIRST_PICTURE_SIZE(+1)
jz-gxi10h-769385871,,63,FIRST_PICTURE_SIZE(+11)
jz-gxi10h-769388082,,63,FIRST_PICTURE_SIZE(+11)
jz-h9kp0m-2245932773,,69,FIRST_PICTURE_SIZE(+5); AVERAGE_PICTURE_SIZE(+1)
jz-ra4xyb-4645750806,,77,FIRST_PICTURE_SIZE(+4)
jz-tar3ab-3767636075,,71,FIRST_PICTURE_SIZE(+4)
jz-wfvstx-2832678484,,70,PICTURE_COUNT(+3)
jz-wfvstx-4214221856,,71,PICTURE_COUNT(+5); FIRST_PICTURE_SIZE(+4)
jz-wfvstx-5069167326,,75,FIRST_PICTURE_SIZE(+5)
LZ01-3408879387,,76,FIRST_PICTURE_SIZE(+7); AVERAGE_PICTURE_SIZE(+1)
2395238637-YjOH,,76,PICTURE_COUNT(+4); FIRST_PICTURE_SIZE(+2)
2876990874-p2A1,,72,FIRST_PICTURE_SIZE(+4)
GM01-4265734803,,75,FIRST_PICTURE_SIZE(+8)
GYS-pun1uz-4340995899,,78,PICTURE_COUNT(+1); FIRST_PICTURE_SIZE(+4); AVERAGE_PICTURE_SIZE(+1)
jz-260815v031-311932891,,69,PICTURE_COUNT(+6)
jz-fq6fzb-3761980623,,74,FIRST_PICTURE_SIZE(+4)
jz-r0nm0c-3906906270,,77,FIRST_PICTURE_SIZE(+5)
SF2608248fhz-3980709074,,68,PICTURE_COUNT(+1)
WSJBJNINE,,74,PICTURE_COUNT(+2); FIRST_PICTURE_SIZE(+6); AVERAGE_PICTURE_SIZE(+1)
WSJBJSEVEN,,76,PICTURE_COUNT(+2); FIRST_PICTURE_SIZE(+6); AVERAGE_PICTURE_SIZE(+1)
WSJBJTHIRTEEN,,76,PICTURE_COUNT(+2); FIRST_PICTURE_SIZE(+6); AVERAGE_PICTURE_SIZE(+1)
WSJBJTHREE,,75,PICTURE_COUNT(+2); FIRST_PICTURE_SIZE(+6); AVERAGE_PICTURE_SIZE(+1)
3068578765-nBcq,,73,PICTURE_COUNT(+1); FIRST_PICTURE_SIZE(+5)
GYS-pun1uz-4189396833,,68,FIRST_PICTURE_SIZE(+4)
jz-43c4a1-4374135971,,64,FIRST_PICTURE_SIZE(+5)
jz-79kd0n-4196907292,,68,PICTURE_COUNT(+7)
jz-tar3ab-4328903874,,70,FIRST_PICTURE_SIZE(+5); AVERAGE_PICTURE_SIZE(+1)
jz-wfvstx-3024336977,,77,AVERAGE_PICTURE_SIZE(+1)
jz-wfvstx-4047019065,,72,PICTURE_COUNT(+5); FIRST_PICTURE_SIZE(+4); AVERAGE_PICTURE_SIZE(+1)
jz-wfvstx-4342582697,,67,AVERAGE_PICTURE_SIZE(+1)
jz-ydp9z9-4285299126,,74,PICTURE_COUNT(+3); FIRST_PICTURE_SIZE(+9); AVERAGE_PICTURE_SIZE(+1)
LZ01-3490120309,,67,PICTURE_COUNT(+5); FIRST_PICTURE_SIZE(+5); AVERAGE_PICTURE_SIZE(+1)
manl6heay52s1juj3mow,,78,PICTURE_COUNT(+1); FIRST_PICTURE_SIZE(+5)
manlmst3xzxjyvwtrwtj,,78,PICTURE_COUNT(+1); FIRST_PICTURE_SIZE(+5)
WUYIN-CHENG,,70,PICTURE_COUNT(+1); FIRST_PICTURE_SIZE(+5)
WUYIN-FEN,,73,PICTURE_COUNT(+1); FIRST_PICTURE_SIZE(+5)
WUYIN-HUANG,,78,PICTURE_COUNT(+1); FIRST_PICTURE_SIZE(+5)
WUYIN-HUI,,78,PICTURE_COUNT(+1); FIRST_PICTURE_SIZE(+5)
WUYIN-QING,,73,PICTURE_COUNT(+1); FIRST_PICTURE_SIZE(+5)
WUYIN-SHENLAN,,57,PICTURE_COUNT(+1); FIRST_PICTURE_SIZE(+5)
WUYIN-SHENLV,,68,PICTURE_COUNT(+1); FIRST_PICTURE_SIZE(+5)
WUYIN-ZHONG,,73,PICTURE_COUNT(+1); FIRST_PICTURE_SIZE(+5)
3077126256-VcEW,,73,PICTURE_COUNT(+1)
3170066140-FR1M,,62,PICTURE_COUNT(+1); FIRST_PICTURE_SIZE(+5); AVERAGE_PICTURE_SIZE(+1)
GM01-4285665290,,77,PICTURE_COUNT(+2); FIRST_PICTURE_SIZE(+4)
GYS-8jlgyl-5128539532,,72,PICTURE_COUNT(+2)
jz-1dahrv-3965431701,,67,PICTURE_COUNT(+4); FIRST_PICTURE_SIZE(+5)
jz-260622urze-4717121614,,70,FIRST_PICTURE_SIZE(+5)
jz-260803cn42-5219378835,,75,PICTURE_COUNT(+7); FIRST_PICTURE_SIZE(+6); AVERAGE_PICTURE_SIZE(+1)
jz-260803cn42-5219379241,,75,PICTURE_COUNT(+7); FIRST_PICTURE_SIZE(+6); AVERAGE_PICTURE_SIZE(+1)
jz-260816bapr-2138465258,,74,PICTURE_COUNT(+1); FIRST_PICTURE_SIZE(+4)
jz-43c4a1-3852712423,,79,FIRST_PICTURE_SIZE(+6); AVERAGE_PICTURE_SIZE(+1)
jz-93mo1m-5022517535,,79,PICTURE_COUNT(+1)
LZ01-3294539199,,59,PICTURE_COUNT(+6); FIRST_PICTURE_SIZE(+6); AVERAGE_PICTURE_SIZE(+1)
3021260148-7hmv,,72,FIRST_PICTURE_SIZE(+6)
B20260512-002-0002N,,75,FIRST_PICTURE_SIZE(+6); AVERAGE_PICTURE_SIZE(+1)
GYS-pun1uz-4511783237,,77,PICTURE_COUNT(+1); FIRST_PICTURE_SIZE(+5)
jz-260624fwg3-4736592704,,61,PICTURE_COUNT(+7); FIRST_PICTURE_SIZE(+4)
jz-2607113a6c-1609026433,,70,FIRST_PICTURE_SIZE(+11); AVERAGE_PICTURE_SIZE(+1)
jz-260803cn42-5219379347,,66,PICTURE_COUNT(+7); FIRST_PICTURE_SIZE(+5); AVERAGE_PICTURE_SIZE(+1)
jz-260803cn42-5219379351,,66,PICTURE_COUNT(+7); FIRST_PICTURE_SIZE(+5); AVERAGE_PICTURE_SIZE(+1)
jz-79kd0n-3004488665,,70,PICTURE_COUNT(+5)
jz-79kd0n-4196840636,,74,PICTURE_COUNT(+5)
jz-79kd0n-4197089246,,70,PICTURE_COUNT(+5)
jz-mn9jc2-4882873805,,69,PICTURE_COUNT(+1)
jz-tar3ab-4272365909,,70,FIRST_PICTURE_SIZE(+5)
jz-wfvstx-4072225257,,79,FIRST_PICTURE_SIZE(+4)
LZ-00mkoz-3119072834,,51,FIRST_PICTURE_SIZE(+3)
SF2608248fhz-3732513153,,67,FIRST_PICTURE_SIZE(+6); AVERAGE_PICTURE_SIZE(+1)
2723486462-UQQw,,73,FIRST_PICTURE_SIZE(+1)
GYS-pun1uz-4074674320,,71,FIRST_PICTURE_SIZE(+2)
GYS-pun1uz-4306713357,,69,PICTURE_COUNT(+1)
GYS-vhijp3-5421463300,,72,PICTURE_COUNT(+1)
GYS-vhijp3-5421464633,,73,PICTURE_COUNT(+1)
jz-2nf96y-4482693329,,75,FIRST_PICTURE_SIZE(+6)
jz-74no4j-2204203437,,76,PICTURE_COUNT(+1)
LZ01-3389215885,,73,PICTURE_COUNT(+5); FIRST_PICTURE_SIZE(+4)
FSJRXS,,65,FIRST_PICTURE_SIZE(+5); AVERAGE_PICTURE_SIZE(+1)
GYS-3213591896,,70,FIRST_PICTURE_SIZE(+4)
jz-260622urze-4717237412,,69,PICTURE_COUNT(+3); FIRST_PICTURE_SIZE(+5)
jz-260731nl7w-5251886196,,73,FIRST_PICTURE_SIZE(+5); AVERAGE_PICTURE_SIZE(+1)
jz-63ha0a-3584245681,,53,FIRST_PICTURE_SIZE(+4)
jz-79kd0n-4399293625,,72,PICTURE_COUNT(+3)
LZ-o5ajbj-4591702348,,68,PICTURE_COUNT(+3)
3205286289-viAd,,67,FIRST_PICTURE_SIZE(+5)
GYS-pun1uz-4344802040,,77,FIRST_PICTURE_SIZE(+3)
jz-7cosa9-4019637814,,77,FIRST_PICTURE_SIZE(+5); AVERAGE_PICTURE_SIZE(+1)
jz-bl4yse-4433465632,,79,PICTURE_COUNT(+5)
jz-tar3ab-4377355583,,76,FIRST_PICTURE_SIZE(+8); AVERAGE_PICTURE_SIZE(+1)
jz-79kd0n-2205624646,,74,PICTURE_COUNT(+1)
LZ-00mkoz-2451736745,,55,PICTURE_COUNT(+4); FIRST_PICTURE_SIZE(+4)
SF2608248fhz-3980560078,,75,PICTURE_COUNT(+1)
YCXP-l342yy-2451736745,,55,PICTURE_COUNT(+4); FIRST_PICTURE_SIZE(+4)
GYS-fq6f2z-3057500387,,56,FIRST_PICTURE_SIZE(+4); AVERAGE_PICTURE_SIZE(+1)
GYS-pun1uz-4687442957,,73,PICTURE_COUNT(+3); FIRST_PICTURE_SIZE(+5); AVERAGE_PICTURE_SIZE(+1)
LZ-3426986435,,72,FIRST_PICTURE_SIZE(+12); AVERAGE_PICTURE_SIZE(+2)
LZ01-3622614929,,64,PICTURE_COUNT(+4); FIRST_PICTURE_SIZE(+5); AVERAGE_PICTURE_SIZE(+1)
SLGDJCJJJCSU10JIN20,,63,FIRST_PICTURE_SIZE(+15); AVERAGE_PICTURE_SIZE(+1)
2039260315-EtTJ,,66,PICTURE_COUNT(+3); FIRST_PICTURE_SIZE(+6); AVERAGE_PICTURE_SIZE(+1)
2943154976-nO2j,,77,FIRST_PICTURE_SIZE(+4)
3122682373-GIqU,,57,PICTURE_COUNT(+4); FIRST_PICTURE_SIZE(+7); AVERAGE_PICTURE_SIZE(+1)
jz-2607113a6c-1609026357,,76,FIRST_PICTURE_SIZE(+5); AVERAGE_PICTURE_SIZE(+1)
jz-260803cn42-5219378444,,72,PICTURE_COUNT(+7)
jz-2nf96y-4399275633,,57,FIRST_PICTURE_SIZE(+3); AVERAGE_PICTURE_SIZE(+1)
jz-a4wnxu-3276070112,,65,PICTURE_COUNT(+5); FIRST_PICTURE_SIZE(+8); AVERAGE_PICTURE_SIZE(+1)
LZ-3410117421,,77,PICTURE_COUNT(+3); FIRST_PICTURE_SIZE(+6); AVERAGE_PICTURE_SIZE(+1)
LZ-qtsoul-4920297323,,70,FIRST_PICTURE_SIZE(+4)
zm-bya321-5266758266,,75,PICTURE_COUNT(+1)
zm-eq8csq-5285591202,,57,PICTURE_COUNT(+5)
zm-vt29v8-5292472905,,71,PICTURE_COUNT(+5)
2370748556-h4tu,,69,PICTURE_COUNT(+3); FIRST_PICTURE_SIZE(+7); AVERAGE_PICTURE_SIZE(+1)
3194896935-XfMn,,45,PICTURE_COUNT(+5); FIRST_PICTURE_SIZE(+5); AVERAGE_PICTURE_SIZE(+1)
jz-260624fwg3-4736594619,,78,PICTURE_COUNT(+4)
jz-260706zm80-4004547325,,70,FIRST_PICTURE_SIZE(+4)
jz-2607113a6c-2700607010,,77,FIRST_PICTURE_SIZE(+4); AVERAGE_PICTURE_SIZE(+1)
LZ-qtsoul-5148771361,,67,PICTURE_COUNT(+3)
LZ-qtsoul-5148771361-3,,58,PICTURE_COUNT(+3)
ZSGM01-2147111775,,58,PICTURE_COUNT(+4)
1904201773-HwFW,,66,PICTURE_COUNT(+5); FIRST_PICTURE_SIZE(+3)
3087970070-zpNE,,78,FIRST_PICTURE_SIZE(+7); AVERAGE_PICTURE_SIZE(+1)
GYS-fq6f2z-3057497584,,77,FIRST_PICTURE_SIZE(+5); AVERAGE_PICTURE_SIZE(+1)
GYS-fq6f2z-3057497893,,59,FIRST_PICTURE_SIZE(+5); AVERAGE_PICTURE_SIZE(+1)
jz-260624fwg3-4736604207,,79,PICTURE_COUNT(+3)
jz-260624fwg3-4736604207-01,,69,PICTURE_COUNT(+3)
jz-260624fwg3-4736604207-02,,59,PICTURE_COUNT(+3)
jz-260624fwg3-4736604207-03,,66,PICTURE_COUNT(+3)
jz-260624fwg3-4736604207-04,,69,PICTURE_COUNT(+3)
jz-260624fwg3-4736604207-06,,79,PICTURE_COUNT(+3)
jz-260624fwg3-4736604207-07,,59,PICTURE_COUNT(+3)
jz-260624fwg3-4736604207-08,,69,PICTURE_COUNT(+3)
jz-260624fwg3-4736604207-09,,69,PICTURE_COUNT(+3)
jz-260624fwg3-4736604207-1,,69,PICTURE_COUNT(+3)
jz-260624fwg3-4736604207-10,,59,PICTURE_COUNT(+3)
jz-260624fwg3-4736604207-11,,59,PICTURE_COUNT(+3)
jz-260624fwg3-4736604207-12,,79,PICTURE_COUNT(+3)
jz-260624fwg3-4736604207-13,,77,PICTURE_COUNT(+3)
jz-260624fwg3-4736604207-15,,77,PICTURE_COUNT(+3)
jz-260624fwg3-4736604207-16,,66,PICTURE_COUNT(+3)
jz-260624fwg3-4736604207-18,,69,PICTURE_COUNT(+3)
jz-260624fwg3-4736604207-19,,59,PICTURE_COUNT(+3)
jz-260624fwg3-4736604207-2,,79,PICTURE_COUNT(+3)
jz-260624fwg3-4736604207-20,,79,PICTURE_COUNT(+3)
jz-260624fwg3-4736604207-21,,69,PICTURE_COUNT(+3)
jz-260624fwg3-4736604207-22,,59,PICTURE_COUNT(+3)
jz-260624fwg3-4736604207-23,,67,PICTURE_COUNT(+3)
jz-260624fwg3-4736604207-24,,69,PICTURE_COUNT(+3)
jz-260624fwg3-4736604207-25,,59,PICTURE_COUNT(+3)
jz-260624fwg3-4736604207-26,,59,PICTURE_COUNT(+3)
jz-260624fwg3-4736604207-27,,77,PICTURE_COUNT(+3)
jz-260624fwg3-4736604207-28,,59,PICTURE_COUNT(+3)
jz-260624fwg3-4736604207-29,,59,PICTURE_COUNT(+3)
jz-260624fwg3-4736604207-30,,59,PICTURE_COUNT(+3)
jz-260624fwg3-4736604207-4,,79,PICTURE_COUNT(+3)
jz-260706zm80-3821232167,,71,FIRST_PICTURE_SIZE(+3)
jz-ydp9z9-3746808297,,60,PICTURE_COUNT(+5); FIRST_PICTURE_SIZE(+8); AVERAGE_PICTURE_SIZE(+1)
jz-2607113a6c-1948964177,,73,FIRST_PICTURE_SIZE(+4); AVERAGE_PICTURE_SIZE(+1)
jz-uly3uk-2075640112,,70,FIRST_PICTURE_SIZE(+4)
LZ-3316195413,,76,PICTURE_COUNT(+4); FIRST_PICTURE_SIZE(+3)
LZ-3333147241,,75,FIRST_PICTURE_SIZE(+6); AVERAGE_PICTURE_SIZE(+1)
LZ-5wxmmp-4267235912,,69,PICTURE_COUNT(+1)
LZ01-1782439639,,68,PICTURE_COUNT(+1); FIRST_PICTURE_SIZE(+5); AVERAGE_PICTURE_SIZE(+1)
SLGDJCSU10,,67,FIRST_PICTURE_SIZE(+7)
SLGDJCSU5JIN5,,75,FIRST_PICTURE_SIZE(+7)
SLGDJJJIN10,,75,FIRST_PICTURE_SIZE(+7)
3010231266-OUQR,,75,FIRST_PICTURE_SIZE(+2); AVERAGE_PICTURE_SIZE(+2)
ADBHEI0,,62,PICTURE_COUNT(+7); FIRST_PICTURE_SIZE(+8); AVERAGE_PICTURE_SIZE(+1)
LZ-3389888684,,66,FIRST_PICTURE_SIZE(+3)
QZBHEI,,66,PICTURE_COUNT(+7); FIRST_PICTURE_SIZE(+8); AVERAGE_PICTURE_SIZE(+1)
SLGDJCJIN10,,76,FIRST_PICTURE_SIZE(+6)
SLGDJJSU10,,76,FIRST_PICTURE_SIZE(+6)
ZS260824eyf4-3298531410,,68,PICTURE_COUNT(+1); FIRST_PICTURE_SIZE(+5); AVERAGE_PICTURE_SIZE(+1)
ZS260824eyf4-4759970385,,68,FIRST_PICTURE_SIZE(+8)
ZS260824eyf4-4760005065,,68,FIRST_PICTURE_SIZE(+8)
ZS260824eyf4-4760023972,,68,FIRST_PICTURE_SIZE(+8)
1606492393-H3Fo,,69,PICTURE_COUNT(+3); FIRST_PICTURE_SIZE(+13); AVERAGE_PICTURE_SIZE(+2)
2396631427-kuYi,,68,FIRST_PICTURE_SIZE(+4)
3156131182-YEGy,,72,PICTURE_COUNT(+3); FIRST_PICTURE_SIZE(+4); AVERAGE_PICTURE_SIZE(+1)
ADBBAI,,69,PICTURE_COUNT(+7); FIRST_PICTURE_SIZE(+5); AVERAGE_PICTURE_SIZE(+1)
ADBHONG,,67,PICTURE_COUNT(+7); FIRST_PICTURE_SIZE(+7); AVERAGE_PICTURE_SIZE(+1)
jz-gjoym9-1595789062,,69,PICTURE_COUNT(+1)
LZ01-2879145528,,73,FIRST_PICTURE_SIZE(+4)
LZ01-3462957862,,78,PICTURE_COUNT(+3); FIRST_PICTURE_SIZE(+4); AVERAGE_PICTURE_SIZE(+1)
2621600147-W63x,,74,FIRST_PICTURE_SIZE(+1); AVERAGE_PICTURE_SIZE(+1)
3019018255-b2dx,,70,FIRST_PICTURE_SIZE(+3)
3056565289-X2S7,,75,FIRST_PICTURE_SIZE(+5)
QZBLAN,,57,PICTURE_COUNT(+7); FIRST_PICTURE_SIZE(+8); AVERAGE_PICTURE_SIZE(+1)
GYS-fq6f2z-3057497088,,71,FIRST_PICTURE_SIZE(+5); AVERAGE_PICTURE_SIZE(+1)
GYS-fq6f2z-4615922470,,71,PICTURE_COUNT(+1); FIRST_PICTURE_SIZE(+3)
jz-260622urze-4717233398,,71,PICTURE_COUNT(+4)
jz-fq6fzb-3724736665,,74,FIRST_PICTURE_SIZE(+5)
LZ-3427963436,,74,FIRST_PICTURE_SIZE(+3)
LZ01-3212969636,,66,PICTURE_COUNT(+3); FIRST_PICTURE_SIZE(+4)
zm-50gvam-5285587017,,66,PICTURE_COUNT(+5)
1788712848-Z5KB,,70,PICTURE_COUNT(+5); FIRST_PICTURE_SIZE(+5); AVERAGE_PICTURE_SIZE(+1)
2567819118-fdJA,,79,PICTURE_COUNT(+1)
3018991068-g1hw,,64,FIRST_PICTURE_SIZE(+3)
3299705825-PJce,,72,PICTURE_COUNT(+4); FIRST_PICTURE_SIZE(+4)
CUAXHSGAKDMBEKQ,,77,PICTURE_COUNT(+7)
jz-gjoym9-1595796462,,75,PICTURE_COUNT(+1)
1687512140-VwVs,,73,PICTURE_COUNT(+5); AVERAGE_PICTURE_SIZE(+1)
2673557387-m2lf,,73,PICTURE_COUNT(+3)
jz-uly3uk-4686738287,,77,FIRST_PICTURE_SIZE(+8)
1919125420-vK3n,,74,PICTURE_COUNT(+6); FIRST_PICTURE_SIZE(+6); AVERAGE_PICTURE_SIZE(+1)
192f-2,,74,PICTURE_COUNT(+6)
2679821550-moyj,,77,PICTURE_COUNT(+3)
jz-260707re42-2194231723,,72,PICTURE_COUNT(+3)
jz-33hanu-3939001983,,76,FIRST_PICTURE_SIZE(+3)
ADBHEI,,77,PICTURE_COUNT(+7)
jz-dh3dbz-3768260047,,72,PICTURE_COUNT(+3); FIRST_PICTURE_SIZE(+5)
jz-ydp9z9-3189475439,,73,AVERAGE_PICTURE_SIZE(+1)
LZ-qtsoul-5148771361-4,,75,PICTURE_COUNT(+3)
ADBHONG0,,64,PICTURE_COUNT(+7); FIRST_PICTURE_SIZE(+8); AVERAGE_PICTURE_SIZE(+1)
jz-33hanu-3758650994,,78,FIRST_PICTURE_SIZE(+3)
jz-gxi10h-769385542,,62,FIRST_PICTURE_SIZE(+11); AVERAGE_PICTURE_SIZE(+1)
JZQCGLWDIFVXPD,,75,PICTURE_COUNT(+5)
LZ-3292743084,,64,FIRST_PICTURE_SIZE(+3)
1682621938-ecor,,64,FIRST_PICTURE_SIZE(+4)
2328992593-ho9j,,71,AVERAGE_PICTURE_SIZE(+1)
2624472423-HDp0,,77,PICTURE_COUNT(+5); FIRST_PICTURE_SIZE(+1)
ADBLAN,,77,PICTURE_COUNT(+7); FIRST_PICTURE_SIZE(+9); AVERAGE_PICTURE_SIZE(+1)
jz-dh3dbz-4244256277,,72,FIRST_PICTURE_SIZE(+11)
ZS01-4234434714,,77,FIRST_PICTURE_SIZE(+8)
2747367191-CicZ,,70,AVERAGE_PICTURE_SIZE(+1)
GYS-8jlgyl-2712567392,,78,PICTURE_COUNT(+5); FIRST_PICTURE_SIZE(+4)
jz-6ijfoz-1745610293,,74,FIRST_PICTURE_SIZE(+6)
JZQCGLWDIFVXPD-kaqi,,77,PICTURE_COUNT(+3)
1981922283-xmrc,,79,AVERAGE_PICTURE_SIZE(+1)
jz-ydp9z9-3017949541,,79,FIRST_PICTURE_SIZE(+8); AVERAGE_PICTURE_SIZE(+1)
LZ01-3218807386,,74,FIRST_PICTURE_SIZE(+3)
