offerId,name,now,cardStatus
jz-43c4a1-3989854024,,63,HAS_CARD_CAN_UPDATE
jz-74no4j-4373210704,,62,HAS_CARD_CAN_UPDATE
jz-2608156czu-5434366857,,69,HAS_CARD_CAN_UPDATE
jz-74no4j-4209730086,,66,HAS_CARD_CAN_UPDATE
jz-2nf96y-3985003257,,46,HAS_CARD_CAN_UPDATE
GYS-fq6f2z-4615699926,,31,HAS_CARD_CAN_UPDATE_PROCESSING
jz-260803cn42-5219380044,,69,HAS_CARD_CAN_UPDATE_ERRORS
jz-bl4yse-4510686580,,56,HAS_CARD_CAN_UPDATE
LZ-5wxmmp-5131474742,,69,HAS_CARD_CAN_UPDATE
GYS-fq6f2z-4615873227,,32,HAS_CARD_CAN_UPDATE_PROCESSING
LZ01-3153456655,,55,HAS_CARD_CAN_UPDATE
GYS-fq6f2z-4553124196,,33,HAS_CARD_CAN_UPDATE_PROCESSING
jz-5iiqgn-3879357364,,61,HAS_CARD_CAN_UPDATE
jz-v6j4ej-4892018892,,79,HAS_CARD_CAN_UPDATE
LZ-5wxmmp-4797066763,,68,HAS_CARD_CAN_UPDATE
LZ-5wxmmp-4932050925,,53,HAS_CARD_CAN_UPDATE
LZ01-3700237250,,72,HAS_CARD_CAN_UPDATE
GYS-fq6f2z-3659202919,,58,HAS_CARD_CAN_UPDATE
GYS-fq6f2z-4553677981,,34,HAS_CARD_CAN_UPDATE_PROCESSING
jz-260811hiq7-2670822183,,71,HAS_CARD_CAN_UPDATE_ERRORS
LZ-f2484t-5258063832,,34,HAS_CARD_CAN_UPDATE_PROCESSING
2964996732-Yg2K,,75,HAS_CARD_CAN_UPDATE
GYS260908v69a-5090920443,,60,HAS_CARD_CAN_UPDATE
jz-2nf96y-4687001659,,67,HAS_CARD_CAN_UPDATE
jz-74no4j-3561354696,,73,HAS_CARD_CAN_UPDATE
jz-ydp9z9-3416299746,,35,HAS_CARD_CAN_UPDATE
LZ-3515392694,,62,HAS_CARD_CAN_UPDATE
LZ01-3797802382,,66,HAS_CARD_CAN_UPDATE
GYS-fq6f2z-4552954169,,36,HAS_CARD_CAN_UPDATE_PROCESSING
GYS-fq6f2z-4553759892,,36,HAS_CARD_CAN_UPDATE_PROCESSING
GYS-fq6f2z-4553799505,,36,HAS_CARD_CAN_UPDATE_PROCESSING
jz-dh3dbz-4007177956,,64,HAS_CARD_CAN_UPDATE
LZ-5wxmmp-4901190632,,64,HAS_CARD_CAN_UPDATE
YCXP-l342yy-3585904163,,79,HAS_CARD_CAN_UPDATE
3149800169-B17G,,78,HAS_CARD_CAN_UPDATE
3211609218-Wlxa,,64,HAS_CARD_CAN_UPDATE
GYS-8jlgyl-3939969235,,73,HAS_CARD_CAN_UPDATE
GYS-fq6f2z-4553961667,,37,HAS_CARD_CAN_UPDATE_PROCESSING
GYS-fq6f2z-4616292549,,37,HAS_CARD_CAN_UPDATE_PROCESSING
GYS-vhijp3-5099888679,,73,HAS_CARD_CAN_UPDATE
GYS-vhijp3-5099889862,,72,HAS_CARD_CAN_UPDATE
jz-74no4j-2087335319,,74,HAS_CARD_CAN_UPDATE
jz-v6j4ej-4846465363,,68,HAS_CARD_CAN_UPDATE
LZ01-3415413161,,59,HAS_CARD_CAN_UPDATE
LZ01-3521599428,,64,HAS_CARD_CAN_UPDATE
2116206499-jOkn,,79,HAS_CARD_CAN_UPDATE
GYS-vhijp3-4742394697,,62,HAS_CARD_CAN_UPDATE
jz-260728cs42-4799306061,,70,HAS_CARD_CAN_UPDATE_ERRORS
jz-260811hiq7-2670742764,,75,HAS_CARD_CAN_UPDATE_ERRORS
jz-260811hiq7-2670742773,,73,HAS_CARD_CAN_UPDATE_ERRORS
jz-260811hiq7-2670742802,,72,HAS_CARD_CAN_UPDATE_ERRORS
jz-260811hiq7-2670742898,,75,HAS_CARD_CAN_UPDATE_ERRORS
jz-260811hiq7-2670743136,,75,HAS_CARD_CAN_UPDATE_ERRORS
jz-260811hiq7-2670743549,,75,HAS_CARD_CAN_UPDATE_ERRORS
jz-260811hiq7-2670743683,,77,HAS_CARD_CAN_UPDATE_ERRORS
jz-260811hiq7-2670744596,,75,HAS_CARD_CAN_UPDATE_ERRORS
jz-260811hiq7-2670746114,,75,HAS_CARD_CAN_UPDATE_ERRORS
jz-260811hiq7-2670749886,,77,HAS_CARD_CAN_UPDATE_ERRORS
jz-260811hiq7-2670750638,,75,HAS_CARD_CAN_UPDATE_ERRORS
jz-260811hiq7-3711915302,,77,HAS_CARD_CAN_UPDATE_ERRORS
jz-260811hiq7-3711915587,,77,HAS_CARD_CAN_UPDATE_ERRORS
jz-mn9jc2-2438830396,,58,HAS_CARD_CAN_UPDATE
jz-ra4xyb-4315952972,,71,HAS_CARD_CAN_UPDATE
YCXP-l342yy-3119072834,,38,HAS_CARD_CAN_UPDATE_PROCESSING
GYS-fq6f2z-3057483785,,39,HAS_CARD_CAN_UPDATE
GYS-fq6f2z-3057497027,,39,HAS_CARD_CAN_UPDATE_PROCESSING
GYS-fq6f2z-3057497549,,39,HAS_CARD_CAN_UPDATE_PROCESSING
GYS-fq6f2z-4615620705,,39,HAS_CARD_CAN_UPDATE_PROCESSING
GYS2608211hfp-5427175729,,65,HAS_CARD_CAN_UPDATE
GYS260908v69a-5090922931,,74,HAS_CARD_CAN_UPDATE
jz-63ha0a-3582585986,,39,HAS_CARD_CAN_UPDATE_PROCESSING
jz-93mo1m-4998741619,,59,HAS_CARD_CAN_UPDATE
jz-93mo1m-4999648072,,76,HAS_CARD_CAN_UPDATE
jz-ydp9z9-2266770360,,69,HAS_CARD_CAN_UPDATE
LZ-00mkoz-3585904163,,39,HAS_CARD_CAN_UPDATE_PROCESSING
LZ-puuvyc-5155741591,,78,HAS_CARD_CAN_UPDATE
MzQwMzc-3VPSSIJ3,,71,HAS_CARD_CAN_UPDATE
B20260512-002-0005R,,79,HAS_CARD_CAN_UPDATE
GYS-fq6f2z-4616737293,,40,HAS_CARD_CAN_UPDATE_PROCESSING
jz-74no4j-3399738004,,72,HAS_CARD_CAN_UPDATE
jz-74no4j-4284339946,,67,HAS_CARD_CAN_UPDATE
jz-bmwrkz-4900040541,,76,HAS_CARD_CAN_UPDATE
jz-ydp9z9-3644543740,,78,HAS_CARD_CAN_UPDATE
LZ01-3699596285,,75,HAS_CARD_CAN_UPDATE
3006371732-OPvT,,66,HAS_CARD_CAN_UPDATE
GYS-1574237539,,45,HAS_CARD_CAN_UPDATE
GYS-fq6f2z-1679789419,,41,HAS_CARD_CAN_UPDATE_PROCESSING
GYS-fq6f2z-1973054001,,41,HAS_CARD_CAN_UPDATE_PROCESSING
GYS-fq6f2z-4276370160,,63,HAS_CARD_CAN_UPDATE_ERRORS
GYS-pun1uz-3960169151,,78,HAS_CARD_CAN_UPDATE
GYS-pun1uz-4291750077,,72,HAS_CARD_CAN_UPDATE
GYS260905hopl-147834448,,72,HAS_CARD_CAN_UPDATE
GYS260905hopl-3457277279,,75,HAS_CARD_CAN_UPDATE_ERRORS
GYS260905hopl-3457312229,,75,HAS_CARD_CAN_UPDATE_ERRORS
GYS260905hopl-3457369788,,75,HAS_CARD_CAN_UPDATE_ERRORS
jz-260713l1mj-1121586055,,74,HAS_CARD_CAN_UPDATE
jz-260728cs42-4799290710,,75,HAS_CARD_CAN_UPDATE
jz-mn9jc2-3372213365,,75,HAS_CARD_CAN_UPDATE
jz-mn9jc2-3457312229,,64,HAS_CARD_CAN_UPDATE
jz-mn9jc2-3457369788,,75,HAS_CARD_CAN_UPDATE
jz-mn9jc2-4456201523,,57,HAS_CARD_CAN_UPDATE
jz-r0nm0c-4780054501,,64,HAS_CARD_CAN_UPDATE
jz-tar3ab-4450020083,,75,HAS_CARD_CAN_UPDATE_ERRORS
jz-wfvstx-4737624802,,47,HAS_CARD_CAN_UPDATE_ERRORS
LZ-5wxmmp-5077951478,,64,HAS_CARD_CAN_UPDATE
LZ01-2435533049,,72,HAS_CARD_CAN_UPDATE
SF2608248fhz-4231125310,,61,HAS_CARD_CAN_UPDATE_ERRORS
ZS01-3965794383,,76,HAS_CARD_CAN_UPDATE
2903676250-0z9Y,,67,HAS_CARD_CAN_UPDATE
3204821209-b98Z,,79,HAS_CARD_CAN_UPDATE
GYS-8jlgyl-3123585702,,42,HAS_CARD_CAN_UPDATE
GYS-fq6f2z-4276369963,,42,HAS_CARD_CAN_UPDATE_PROCESSING
GYS-fq6f2z-4276370731,,42,HAS_CARD_CAN_UPDATE_PROCESSING
GYS-fq6f2z-4276373036,,64,HAS_CARD_CAN_UPDATE_ERRORS
GYS-fq6f2z-4553718890,,42,HAS_CARD_CAN_UPDATE_PROCESSING
GYS-pun1uz-3528556980,,69,HAS_CARD_CAN_UPDATE
GYS-pun1uz-4653223595,,71,HAS_CARD_CAN_UPDATE
GYS-vhijp3-4100718199,,63,HAS_CARD_CAN_UPDATE
GYS-vhijp3-5098696405,,64,HAS_CARD_CAN_UPDATE_ERRORS
GYS-vhijp3-5098697255,,59,HAS_CARD_CAN_UPDATE_ERRORS
jz-260811hiq7-3494718480,,79,HAS_CARD_CAN_UPDATE_ERRORS
jz-260816bapr-2451803868,,42,HAS_CARD_CAN_UPDATE
jz-2rqa92-4583278101,,77,HAS_CARD_CAN_UPDATE
jz-43c4a1-3778788360,,72,HAS_CARD_CAN_UPDATE
jz-8q6voe-487884946,,72,HAS_CARD_CAN_UPDATE
jz-mn9jc2-1140347481,,68,HAS_CARD_CAN_UPDATE_ERRORS
jz-mn9jc2-2345419912,,71,HAS_CARD_CAN_UPDATE
jz-mn9jc2-3220636801,,72,HAS_CARD_CAN_UPDATE
jz-ub82eq-4780179559,,66,HAS_CARD_CAN_UPDATE
jz-ydp9z9-2908484018,,79,HAS_CARD_CAN_UPDATE
LZ01-2602456066,,75,HAS_CARD_CAN_UPDATE
LZ01-3579731718,,72,HAS_CARD_CAN_UPDATE
GYS-8jlgyl-3010446590,,77,HAS_CARD_CAN_UPDATE
GYS-fq6f2z-3011630658,,43,HAS_CARD_CAN_UPDATE_PROCESSING
GYS-pun1uz-3781684625,,63,HAS_CARD_CAN_UPDATE
GYS-pun1uz-4467285120,,78,HAS_CARD_CAN_UPDATE
GYS-vhijp3-3456092635,,69,HAS_CARD_CAN_UPDATE
GYS260905hopl-3457510653,,79,HAS_CARD_CAN_UPDATE
jz-260807i2zt-1912292054,,79,HAS_CARD_CAN_UPDATE
jz-93mo1m-5001857878,,60,HAS_CARD_CAN_UPDATE
jz-a4wnxu-2968195412,,70,HAS_CARD_CAN_UPDATE
jz-dh3dbz-4248790101,,63,HAS_CARD_CAN_UPDATE
jz-mn9jc2-3457510653,,77,HAS_CARD_CAN_UPDATE
jz-ydp9z9-3307533196,,62,HAS_CARD_CAN_UPDATE
LZ01-3503220298,,73,HAS_CARD_CAN_UPDATE_ERRORS
LZ01-3629185618,,76,HAS_CARD_CAN_UPDATE
SF2608248fhz-3588707779,,63,HAS_CARD_CAN_UPDATE_ERRORS
jz-260811rdkx-2623930433,,44,HAS_CARD_CAN_UPDATE_ERRORS
jz-2nf96y-4261096715,,64,HAS_CARD_CAN_UPDATE
jz-43c4a1-4409428297,,74,HAS_CARD_CAN_UPDATE
jz-tar3ab-3978474361,,75,HAS_CARD_CAN_UPDATE
jz-tar3ab-4097510358,,78,HAS_CARD_CAN_UPDATE
jz-tar3ab-4306956180,,68,HAS_CARD_CAN_UPDATE_ERRORS
LZ01-3467007723,,63,HAS_CARD_CAN_UPDATE
SF2608248fhz-3588812560,,64,HAS_CARD_CAN_UPDATE_ERRORS
SF2608248fhz-3671566844,,64,HAS_CARD_CAN_UPDATE_ERRORS
3118891824-ZQeB,,72,HAS_CARD_CAN_UPDATE
3216743242-q3Ao,,74,HAS_CARD_CAN_UPDATE
3282288781-9po0,,74,HAS_CARD_CAN_UPDATE
B20260512-002-0004R,,73,HAS_CARD_CAN_UPDATE
GYS-fq6f2z-1679789612,,45,HAS_CARD_CAN_UPDATE_PROCESSING
GYS-pun1uz-3920739455,,72,HAS_CARD_CAN_UPDATE
GYS-pun1uz-4404504422,,68,HAS_CARD_CAN_UPDATE
GYS-pun1uz-4653186758,,74,HAS_CARD_CAN_UPDATE
jz-43c4a1-4609221440,,61,HAS_CARD_CAN_UPDATE
jz-63ha0a-3071109073,,45,HAS_CARD_CAN_UPDATE_PROCESSING
jz-dh3dbz-4231938258,,75,HAS_CARD_CAN_UPDATE
jz-mn9jc2-5325473409,,77,HAS_CARD_CAN_UPDATE
jz-ydp9z9-4146377526,,45,HAS_CARD_CAN_UPDATE
LZ-5wxmmp-4932040730,,45,HAS_CARD_CAN_UPDATE_PROCESSING
LZ01-3405464666,,77,HAS_CARD_CAN_UPDATE
LZ01-3411426486,,70,HAS_CARD_CAN_UPDATE
QZBHONG,,65,HAS_CARD_CAN_UPDATE
2025906111-kaUz,,63,HAS_CARD_CAN_UPDATE
GYS-3027189554,,74,HAS_CARD_CAN_UPDATE
GYS-fq6f2z-1679790067,,46,HAS_CARD_CAN_UPDATE_PROCESSING
GYS-nznb1s-2811812904,,60,HAS_CARD_CAN_UPDATE
GYS-nznb1s-3190708134,,58,HAS_CARD_CAN_UPDATE
GYS260829u5hc-5639920360,,79,HAS_CARD_CAN_UPDATE_ERRORS
GYS260829u5hc-5639954557,,79,HAS_CARD_CAN_UPDATE_ERRORS
GYS260905hopl-3457424224,,72,HAS_CARD_CAN_UPDATE_ERRORS
jz-260816bapr-2505164164,,78,HAS_CARD_CAN_UPDATE_ERRORS
jz-bl4yse-4532615274,,64,HAS_CARD_CAN_UPDATE
jz-dyo0tp-4105697344,,73,HAS_CARD_CAN_UPDATE
jz-hx866g-3520097565,,75,HAS_CARD_CAN_UPDATE
jz-hx866g-3554887522,,75,HAS_CARD_CAN_UPDATE
jz-tar3ab-3755092529,,75,HAS_CARD_CAN_UPDATE_ERRORS
LZ-f2484t-5213284651,,46,HAS_CARD_CAN_UPDATE_PROCESSING
LZ01-2104735840,,46,HAS_CARD_CAN_UPDATE
2834263883-xx9p,,63,HAS_CARD_CAN_UPDATE
2888311204-kc2Y,,66,HAS_CARD_CAN_UPDATE
GYS-fq6f2z-3811952275,,47,HAS_CARD_CAN_UPDATE_PROCESSING
GYS-vhijp3-4281165900,,72,HAS_CARD_CAN_UPDATE
GYS-vhijp3-4281166066,,72,HAS_CARD_CAN_UPDATE
jz-260608nw14-4263895303,,79,HAS_CARD_CAN_UPDATE
jz-2607281n44-3372240107,,73,HAS_CARD_CAN_UPDATE
jz-2nf96y-4535688933,,65,HAS_CARD_CAN_UPDATE
jz-43c4a1-4160141158,,75,HAS_CARD_CAN_UPDATE
jz-gjoym9-1595791996,,67,HAS_CARD_CAN_UPDATE
jz-gxi10h-769385871,,63,HAS_CARD_CAN_UPDATE
jz-gxi10h-769388082,,63,HAS_CARD_CAN_UPDATE
jz-h9kp0m-2245932773,,69,HAS_CARD_CAN_UPDATE
jz-ra4xyb-4645750806,,77,HAS_CARD_CAN_UPDATE
jz-tar3ab-3767636075,,71,HAS_CARD_CAN_UPDATE
jz-v6j4ej-4857882655,,79,HAS_CARD_CAN_UPDATE
LZ-00mkoz-3198759653,,47,HAS_CARD_CAN_UPDATE_PROCESSING
LZ01-3408879387,,76,HAS_CARD_CAN_UPDATE
YCXP-l342yy-3198759653,,47,HAS_CARD_CAN_UPDATE_PROCESSING
2395238637-YjOH,,76,HAS_CARD_CAN_UPDATE
2627544436-BuYA,,60,HAS_CARD_CAN_UPDATE
2876990874-p2A1,,72,HAS_CARD_CAN_UPDATE
GM01-4265734803,,75,HAS_CARD_CAN_UPDATE_ERRORS
GYS-8jlgyl-5123964207,,78,HAS_CARD_CAN_UPDATE
GYS-8jlgyl-5393650540,,76,HAS_CARD_CAN_UPDATE
GYS-pun1uz-4340995899,,78,HAS_CARD_CAN_UPDATE
jz-260815v031-311932891,,69,HAS_CARD_CAN_UPDATE
jz-2nf96y-3798902520,,65,HAS_CARD_CAN_UPDATE
jz-93mo1m-5001837159,,48,HAS_CARD_CAN_UPDATE
jz-93mo1m-5023243114,,75,HAS_CARD_CAN_UPDATE
jz-93mo1m-5023414001,,75,HAS_CARD_CAN_UPDATE
jz-93mo1m-5023452799,,75,HAS_CARD_CAN_UPDATE
jz-fq6fzb-3761980623,,74,HAS_CARD_CAN_UPDATE
jz-mn9jc2-3372111782,,71,HAS_CARD_CAN_UPDATE
jz-mn9jc2-4280068659,,78,HAS_CARD_CAN_UPDATE
jz-r0nm0c-3906906270,,77,HAS_CARD_CAN_UPDATE
LZ-00mkoz-2992061228,,48,HAS_CARD_CAN_UPDATE_PROCESSING
LZ-o5ajbj-5303279152,,77,HAS_CARD_CAN_UPDATE
SF2608248fhz-3980709074,,68,HAS_CARD_CAN_UPDATE_ERRORS
WSJBJNINE,,74,HAS_CARD_CAN_UPDATE_ERRORS
WSJBJSEVEN,,76,HAS_CARD_CAN_UPDATE_ERRORS
WSJBJTHIRTEEN,,76,HAS_CARD_CAN_UPDATE_ERRORS
WSJBJTHREE,,75,HAS_CARD_CAN_UPDATE_ERRORS
YCXP-l342yy-2992061228,,48,HAS_CARD_CAN_UPDATE_PROCESSING
2926949736-nJ5T,,66,HAS_CARD_CAN_UPDATE
3068578765-nBcq,,73,HAS_CARD_CAN_UPDATE_ERRORS
GYS-fq6f2z-2491004374,,71,HAS_CARD_CAN_UPDATE
GYS-pun1uz-4189396833,,68,HAS_CARD_CAN_UPDATE
jz-260803a2lr-1468004652,,49,HAS_CARD_CAN_UPDATE
jz-2nf96y-4227173297,,70,HAS_CARD_CAN_UPDATE
jz-43c4a1-4374135971,,64,HAS_CARD_CAN_UPDATE
jz-79kd0n-4196907292,,68,HAS_CARD_CAN_UPDATE_ERRORS
jz-tar3ab-4328903874,,70,HAS_CARD_CAN_UPDATE
jz-ydp9z9-4285299126,,74,HAS_CARD_CAN_UPDATE
LZ-5wxmmp-4386949796,,75,HAS_CARD_CAN_UPDATE
LZ-o5ajbj-5110638746,,75,HAS_CARD_CAN_UPDATE
LZ-qtsoul-4738816474,,79,HAS_CARD_CAN_UPDATE
LZ01-3490120309,,67,HAS_CARD_CAN_UPDATE
manl6heay52s1juj3mow,,78,HAS_CARD_CAN_UPDATE_ERRORS
manlmst3xzxjyvwtrwtj,,78,HAS_CARD_CAN_UPDATE_ERRORS
SF2608248fhz-3032389096,,79,HAS_CARD_CAN_UPDATE_ERRORS
WUYIN-CHENG,,70,HAS_CARD_CAN_UPDATE_ERRORS
WUYIN-FEN,,73,HAS_CARD_CAN_UPDATE_ERRORS
WUYIN-HUANG,,78,HAS_CARD_CAN_UPDATE_ERRORS
WUYIN-HUI,,78,HAS_CARD_CAN_UPDATE_ERRORS
WUYIN-QING,,73,HAS_CARD_CAN_UPDATE
WUYIN-SHENLAN,,57,HAS_CARD_CAN_UPDATE_ERRORS
WUYIN-SHENLV,,68,HAS_CARD_CAN_UPDATE_ERRORS
WUYIN-ZHONG,,73,HAS_CARD_CAN_UPDATE_ERRORS
3077126256-VcEW,,73,HAS_CARD_CAN_UPDATE
3170066140-FR1M,,62,HAS_CARD_CAN_UPDATE
3811599594-rpJK,,74,HAS_CARD_CAN_UPDATE
GM01-4285665290,,77,HAS_CARD_CAN_UPDATE_ERRORS
GYS-2645129103,,68,HAS_CARD_CAN_UPDATE
GYS-8jlgyl-5128539532,,72,HAS_CARD_CAN_UPDATE
GYS-pun1uz-4423652933,,70,HAS_CARD_CAN_UPDATE
GYS-vhijp3-4374950913,,76,HAS_CARD_CAN_UPDATE
jz-1dahrv-3965431701,,67,HAS_CARD_CAN_UPDATE
jz-260622urze-4717121614,,70,HAS_CARD_CAN_UPDATE_ERRORS
jz-260803cn42-5219378835,,75,HAS_CARD_CAN_UPDATE_ERRORS
jz-260803cn42-5219379241,,75,HAS_CARD_CAN_UPDATE_ERRORS
jz-260816bapr-2138465258,,74,HAS_CARD_CAN_UPDATE
jz-260818uib8-5437511142,,76,HAS_CARD_CAN_UPDATE_ERRORS
jz-43c4a1-3852712423,,79,HAS_CARD_CAN_UPDATE
jz-43c4a1-4528326193,,50,HAS_CARD_CAN_UPDATE
jz-93mo1m-5022517535,,79,HAS_CARD_CAN_UPDATE
LZ-00mkoz-2371766204,,50,HAS_CARD_CAN_UPDATE_PROCESSING
LZ-00mkoz-3506737282,,50,HAS_CARD_CAN_UPDATE_PROCESSING
LZ01-3294539199,,59,HAS_CARD_CAN_UPDATE
manl73d0b888uk031ty7,,79,HAS_CARD_CAN_UPDATE
manl79ls0t21gv3jujpb,,76,HAS_CARD_CAN_UPDATE
YCXP-l342yy-2371766204,,50,HAS_CARD_CAN_UPDATE_PROCESSING
YCXP-l342yy-3506737282,,50,HAS_CARD_CAN_UPDATE_PROCESSING
zm-ahhnb4-5272186384,,72,HAS_CARD_CAN_UPDATE
3021260148-7hmv,,72,HAS_CARD_CAN_UPDATE
B20260512-002-0002N,,75,HAS_CARD_CAN_UPDATE
GYS-8jlgyl-3541358371,,74,HAS_CARD_CAN_UPDATE
GYS-fq6f2z-4424388728,,51,HAS_CARD_CAN_UPDATE_PROCESSING
GYS-pun1uz-4511783237,,77,HAS_CARD_CAN_UPDATE
GYS2608211lve-5509560114,,76,HAS_CARD_CAN_UPDATE
GYS2608211lve-5509560591,,74,HAS_CARD_CAN_UPDATE
jz-1dahrv-4516270651,,68,HAS_CARD_CAN_UPDATE
jz-260624fwg3-4736592704,,61,HAS_CARD_CAN_UPDATE
jz-2607113a6c-1609026433,,70,HAS_CARD_CAN_UPDATE
jz-260803cn42-5219379347,,66,HAS_CARD_CAN_UPDATE_ERRORS
jz-260803cn42-5219379351,,66,HAS_CARD_CAN_UPDATE_ERRORS
jz-33hanu-3372277031,,74,HAS_CARD_CAN_UPDATE
jz-63ha0a-2990555919,,51,HAS_CARD_CAN_UPDATE_PROCESSING
jz-79kd0n-3004488665,,70,HAS_CARD_CAN_UPDATE_ERRORS
jz-79kd0n-4196840636,,74,HAS_CARD_CAN_UPDATE_ERRORS
jz-79kd0n-4197089246,,70,HAS_CARD_CAN_UPDATE
jz-mn9jc2-4882873805,,69,HAS_CARD_CAN_UPDATE
jz-tar3ab-4272365909,,70,HAS_CARD_CAN_UPDATE_ERRORS
LZ-00mkoz-3119072834,,51,HAS_CARD_CAN_UPDATE_PROCESSING
LZ-o5ajbj-5091961052,,70,HAS_CARD_CAN_UPDATE
LZ01-3447837791,,79,HAS_CARD_CAN_UPDATE
SF2608248fhz-3732513153,,67,HAS_CARD_CAN_UPDATE_ERRORS
2723486462-UQQw,,73,HAS_CARD_CAN_UPDATE
GYS-8jlgyl-3212276089,,65,HAS_CARD_CAN_UPDATE
GYS-8jlgyl-4376827725,,73,HAS_CARD_CAN_UPDATE
GYS-pun1uz-4074674320,,71,HAS_CARD_CAN_UPDATE
GYS-pun1uz-4306713357,,69,HAS_CARD_CAN_UPDATE
GYS-vhijp3-5421463300,,72,HAS_CARD_CAN_UPDATE_ERRORS
GYS-vhijp3-5421464633,,73,HAS_CARD_CAN_UPDATE_ERRORS
jz-2nf96y-4482693329,,75,HAS_CARD_CAN_UPDATE
jz-43c4a1-4931110117,,75,HAS_CARD_CAN_UPDATE
jz-74no4j-2204203437,,76,HAS_CARD_CAN_UPDATE
LZ01-3389215885,,73,HAS_CARD_CAN_UPDATE
ZS260824s0qp-1263028260,,68,HAS_CARD_CAN_UPDATE_ERRORS
ZS260824s0qp-1263029450,,68,HAS_CARD_CAN_UPDATE_ERRORS
ZS260824s0qp-150657930,,68,HAS_CARD_CAN_UPDATE_ERRORS
ZS260824s0qp-150661085,,73,HAS_CARD_CAN_UPDATE_ERRORS
ZS260824s0qp-467047676,,68,HAS_CARD_CAN_UPDATE_ERRORS
ZS260824s0qp-694013935,,68,HAS_CARD_CAN_UPDATE_ERRORS
ZS260824s0qp-721384160,,68,HAS_CARD_CAN_UPDATE_ERRORS
ZS260824s0qp-721386460,,68,HAS_CARD_CAN_UPDATE_ERRORS
ZS260824s0qp-880699554,,68,HAS_CARD_CAN_UPDATE_ERRORS
ZS260824s0qp-880702163,,68,HAS_CARD_CAN_UPDATE_ERRORS
ZS260824s0qp-880702188,,68,HAS_CARD_CAN_UPDATE_ERRORS
ZS260824s0qp-880703038,,68,HAS_CARD_CAN_UPDATE_ERRORS
ZS260824s0qp-888010580,,68,HAS_CARD_CAN_UPDATE_ERRORS
FSJRXS,,65,HAS_CARD_CAN_UPDATE
GYS-3213591896,,70,HAS_CARD_CAN_UPDATE
GYS-8jlgyl-3717224047,,78,HAS_CARD_CAN_UPDATE
GYS-pun1uz-4967181406,,77,HAS_CARD_CAN_UPDATE
GYS-vhijp3-5663131645,,73,HAS_CARD_CAN_UPDATE
GYS-vhijp3-5663132680,,73,HAS_CARD_CAN_UPDATE
GYS-vhijp3-5663132696,,73,HAS_CARD_CAN_UPDATE
jz-260622urze-4717237412,,69,HAS_CARD_CAN_UPDATE
jz-260731nl7w-5251886196,,73,HAS_CARD_CAN_UPDATE
jz-2nf96y-4899023703,,73,HAS_CARD_CAN_UPDATE
jz-43c4a1-4662496540,,79,HAS_CARD_CAN_UPDATE
jz-63ha0a-1679789712,,53,HAS_CARD_CAN_UPDATE_PROCESSING
jz-63ha0a-3584245681,,53,HAS_CARD_CAN_UPDATE_PROCESSING
jz-79kd0n-4399293625,,72,HAS_CARD_CAN_UPDATE_ERRORS
jz-93mo1m-4988434908,,76,HAS_CARD_CAN_UPDATE
jz-bl4yse-4518490693,,70,HAS_CARD_CAN_UPDATE
LZ-00mkoz-4641654640,,63,HAS_CARD_CAN_UPDATE
LZ-o5ajbj-4312820670,,73,HAS_CARD_CAN_UPDATE
LZ-o5ajbj-4591702348,,68,HAS_CARD_CAN_UPDATE
YCXP-l342yy-4641654640,,66,HAS_CARD_CAN_UPDATE
ZS--3633762195,,73,HAS_CARD_CAN_UPDATE
3205286289-viAd,,67,HAS_CARD_CAN_UPDATE
3318853039-4OEF,,74,HAS_CARD_CAN_UPDATE_ERRORS
GYS-pun1uz-4344802040,,77,HAS_CARD_CAN_UPDATE
GYS-vhijp3-5635717893,,72,HAS_CARD_CAN_UPDATE_ERRORS
GYS-vhijp3-5635718105,,73,HAS_CARD_CAN_UPDATE_ERRORS
GYS-vhijp3-5635718536,,62,HAS_CARD_CAN_UPDATE_ERRORS
jz-43c4a1-4255080725,,71,HAS_CARD_CAN_UPDATE
jz-7cosa9-4019637814,,77,HAS_CARD_CAN_UPDATE
jz-bl4yse-4433465632,,79,HAS_CARD_CAN_UPDATE
jz-mn9jc2-2022869918,,74,HAS_CARD_CAN_UPDATE
jz-mn9jc2-3000101816,,63,HAS_CARD_CAN_UPDATE
jz-tar3ab-4377355583,,76,HAS_CARD_CAN_UPDATE
LZ01-3633183206-2,,74,HAS_CARD_CAN_UPDATE_ERRORS
YCXP-l342yy-5017983729,,54,HAS_CARD_CAN_UPDATE_PROCESSING
jz-79kd0n-2205624646,,74,HAS_CARD_CAN_UPDATE_ERRORS
jz-uly3uk-4376822949,,76,HAS_CARD_CAN_UPDATE
LZ-00mkoz-2451736745,,55,HAS_CARD_CAN_UPDATE_PROCESSING
SF2608248fhz-3980560078,,75,HAS_CARD_CAN_UPDATE_ERRORS
XIAOMIGUAJIAN,,77,HAS_CARD_CAN_UPDATE_ERRORS
XIAOMIGUAJIAN-3,,77,HAS_CARD_CAN_UPDATE_ERRORS
YCXP-l342yy-2451736745,,55,HAS_CARD_CAN_UPDATE_PROCESSING
1968961961-Kqjy,,74,HAS_CARD_CAN_UPDATE
GM01-4285665290-KAFEI,,72,HAS_CARD_CAN_UPDATE
GM01-4355142826-LV,,74,HAS_CARD_CAN_UPDATE_ERRORS
GYS-fq6f2z-3057500387,,56,HAS_CARD_CAN_UPDATE_PROCESSING
GYS-pun1uz-4687442957,,73,HAS_CARD_CAN_UPDATE
jz-1dahrv-4545874055,,56,HAS_CARD_CAN_UPDATE
jz-260608b7rb-4260264244,,78,HAS_CARD_CAN_UPDATE
jz-260816bapr-2138447343,,78,HAS_CARD_CAN_UPDATE_ERRORS
jz-260816bapr-2451654667,,76,HAS_CARD_CAN_UPDATE_ERRORS
jz-2nf96y-3823692862,,64,HAS_CARD_CAN_UPDATE
jz-2rqa92-3288753786,,71,HAS_CARD_CAN_UPDATE
jz-43c4a1-4649743309,,72,HAS_CARD_CAN_UPDATE
jz-43c4a1-4754778811,,73,HAS_CARD_CAN_UPDATE
jz-63ha0a-5357798591,,56,HAS_CARD_CAN_UPDATE_PROCESSING
jz-79kd0n-3004487878,,75,HAS_CARD_CAN_UPDATE_ERRORS
jz-79kd0n-3529645384,,75,HAS_CARD_CAN_UPDATE
LZ-3426986435,,72,HAS_CARD_CAN_UPDATE_ERRORS
LZ-5wxmmp-4480489634,,62,HAS_CARD_CAN_UPDATE
LZ01-3622614929,,64,HAS_CARD_CAN_UPDATE
LZ01-3794041980,,75,HAS_CARD_CAN_UPDATE
SF2608248fhz-3588867711,,76,HAS_CARD_CAN_UPDATE_ERRORS
SLGDJCJJJCSU10JIN20,,63,HAS_CARD_CAN_UPDATE_ERRORS
2039260315-EtTJ,,66,HAS_CARD_CAN_UPDATE
2943154976-nO2j,,77,HAS_CARD_CAN_UPDATE
3122682373-GIqU,,57,HAS_CARD_CAN_UPDATE
GYS-4129747225,,72,HAS_CARD_CAN_UPDATE
GYS-fq6f2z-4550678091,,57,HAS_CARD_CAN_UPDATE_PROCESSING
GYS-pun1uz-4151515766,,67,HAS_CARD_CAN_UPDATE
GYS260908dq6l-5730574559,,77,HAS_CARD_CAN_UPDATE
jz-2607113a6c-1609026357,,76,HAS_CARD_CAN_UPDATE
jz-260803cn42-5219378444,,72,HAS_CARD_CAN_UPDATE_ERRORS
jz-260813x6ot-4044283074,,76,HAS_CARD_CAN_UPDATE
jz-2nf96y-4399275633,,57,HAS_CARD_CAN_UPDATE
jz-9d7gb7-4037729626,,69,HAS_CARD_CAN_UPDATE
jz-a4wnxu-3276070112,,65,HAS_CARD_CAN_UPDATE
jz-mn9jc2-2939874500,,57,HAS_CARD_CAN_UPDATE_ERRORS
jz-ra4xyb-4521287943,,69,HAS_CARD_CAN_UPDATE
LZ-3410117421,,77,HAS_CARD_CAN_UPDATE
LZ-5wxmmp-5327769281,,77,HAS_CARD_CAN_UPDATE
LZ-qtsoul-4920297323,,70,HAS_CARD_CAN_UPDATE
LZ01-1928772955,,69,HAS_CARD_CAN_UPDATE
zm-bya321-5266758266,,75,HAS_CARD_CAN_UPDATE
zm-eq8csq-5285591202,,57,HAS_CARD_CAN_UPDATE
zm-vt29v8-5292472905,,71,HAS_CARD_CAN_UPDATE
2370748556-h4tu,,69,HAS_CARD_CAN_UPDATE
2973971491-NvKS,,72,HAS_CARD_CAN_UPDATE
3194896935-XfMn,,45,HAS_CARD_CAN_UPDATE
3307075791-I0oN,,68,HAS_CARD_CAN_UPDATE
jz-260624fwg3-4736594619,,78,HAS_CARD_CAN_UPDATE
jz-260706zm80-4004547325,,70,HAS_CARD_CAN_UPDATE_ERRORS
jz-2607113a6c-2700607010,,77,HAS_CARD_CAN_UPDATE
jz-260811g43n-838156089,,74,HAS_CARD_CAN_UPDATE_ERRORS
jz-2rqa92-4290495019,,75,HAS_CARD_CAN_UPDATE
LZ-2971108112,,64,HAS_CARD_CAN_UPDATE
LZ-qtsoul-5148771361,,67,HAS_CARD_CAN_UPDATE
LZ-qtsoul-5148771361-3,,58,HAS_CARD_CAN_UPDATE_PROCESSING
ZS--4163377201,,79,HAS_CARD_CAN_UPDATE
ZSGM01-2147111775,,58,HAS_CARD_CAN_UPDATE_ERRORS
1904201773-HwFW,,66,HAS_CARD_CAN_UPDATE
3087970070-zpNE,,78,HAS_CARD_CAN_UPDATE
GYS-fq6f2z-3057497584,,77,HAS_CARD_CAN_UPDATE
GYS-fq6f2z-3057497893,,59,HAS_CARD_CAN_UPDATE_PROCESSING
jz-260624fwg3-4736604207,,79,HAS_CARD_CAN_UPDATE_ERRORS
jz-260624fwg3-4736604207-01,,69,HAS_CARD_CAN_UPDATE_ERRORS
jz-260624fwg3-4736604207-02,,59,HAS_CARD_CAN_UPDATE_PROCESSING
jz-260624fwg3-4736604207-03,,66,HAS_CARD_CAN_UPDATE_ERRORS
jz-260624fwg3-4736604207-04,,69,HAS_CARD_CAN_UPDATE_ERRORS
jz-260624fwg3-4736604207-06,,79,HAS_CARD_CAN_UPDATE_ERRORS
jz-260624fwg3-4736604207-07,,59,HAS_CARD_CAN_UPDATE_PROCESSING
jz-260624fwg3-4736604207-08,,69,HAS_CARD_CAN_UPDATE_ERRORS
jz-260624fwg3-4736604207-09,,69,HAS_CARD_CAN_UPDATE_ERRORS
jz-260624fwg3-4736604207-1,,69,HAS_CARD_CAN_UPDATE_ERRORS
jz-260624fwg3-4736604207-10,,59,HAS_CARD_CAN_UPDATE_PROCESSING
jz-260624fwg3-4736604207-11,,59,HAS_CARD_CAN_UPDATE_PROCESSING
jz-260624fwg3-4736604207-12,,79,HAS_CARD_CAN_UPDATE_ERRORS
jz-260624fwg3-4736604207-13,,77,HAS_CARD_CAN_UPDATE_ERRORS
jz-260624fwg3-4736604207-15,,77,HAS_CARD_CAN_UPDATE_ERRORS
jz-260624fwg3-4736604207-16,,66,HAS_CARD_CAN_UPDATE
jz-260624fwg3-4736604207-18,,69,HAS_CARD_CAN_UPDATE_ERRORS
jz-260624fwg3-4736604207-19,,59,HAS_CARD_CAN_UPDATE_PROCESSING
jz-260624fwg3-4736604207-2,,79,HAS_CARD_CAN_UPDATE
jz-260624fwg3-4736604207-20,,79,HAS_CARD_CAN_UPDATE_ERRORS
jz-260624fwg3-4736604207-21,,69,HAS_CARD_CAN_UPDATE
jz-260624fwg3-4736604207-22,,59,HAS_CARD_CAN_UPDATE_PROCESSING
jz-260624fwg3-4736604207-23,,67,HAS_CARD_CAN_UPDATE_ERRORS
jz-260624fwg3-4736604207-24,,69,HAS_CARD_CAN_UPDATE_ERRORS
jz-260624fwg3-4736604207-25,,59,HAS_CARD_CAN_UPDATE_PROCESSING
jz-260624fwg3-4736604207-26,,59,HAS_CARD_CAN_UPDATE_PROCESSING
jz-260624fwg3-4736604207-27,,77,HAS_CARD_CAN_UPDATE
jz-260624fwg3-4736604207-28,,59,HAS_CARD_CAN_UPDATE_PROCESSING
jz-260624fwg3-4736604207-29,,59,HAS_CARD_CAN_UPDATE_PROCESSING
jz-260624fwg3-4736604207-30,,59,HAS_CARD_CAN_UPDATE_PROCESSING
jz-260624fwg3-4736604207-4,,79,HAS_CARD_CAN_UPDATE_ERRORS
jz-260706zm80-3821232167,,71,HAS_CARD_CAN_UPDATE
jz-ydp9z9-3746808297,,60,HAS_CARD_CAN_UPDATE
LZ-5wxmmp-4103324770,,75,HAS_CARD_CAN_UPDATE
1753226675-rfgt,,61,HAS_CARD_CAN_UPDATE_ERRORS
3230402678-vvcz,,79,HAS_CARD_CAN_UPDATE
jz-2607113a6c-1948964177,,73,HAS_CARD_CAN_UPDATE
jz-2nf96y-3879939109,,76,HAS_CARD_CAN_UPDATE
1886643347-jY5X,,71,HAS_CARD_CAN_UPDATE
2304056718-CtIW,,74,HAS_CARD_CAN_UPDATE_ERRORS
2438294197-rZKq,,75,HAS_CARD_CAN_UPDATE
2590116557-hDzH,,75,HAS_CARD_CAN_UPDATE
GYS-nznb1s-2034577349,,75,HAS_CARD_CAN_UPDATE
jz-260711kg7h-3443560237,,78,HAS_CARD_CAN_UPDATE
jz-260803cn42-5219378791,,76,HAS_CARD_CAN_UPDATE_ERRORS
jz-260803cn42-5219379098,,76,HAS_CARD_CAN_UPDATE
jz-2rqa92-4142414919,,75,HAS_CARD_CAN_UPDATE
jz-87g4td-842456998,,74,HAS_CARD_CAN_UPDATE
jz-93mo1m-4990554352,,78,HAS_CARD_CAN_UPDATE
jz-bl4yse-4438643740,,78,HAS_CARD_CAN_UPDATE
LZ-00mkoz-4798335513,,61,HAS_CARD_CAN_UPDATE_PROCESSING
LZ01-3553028191,,70,HAS_CARD_CAN_UPDATE
LZ01-3864266225,,72,HAS_CARD_CAN_UPDATE
ZS260824eyf4-4585635569,,61,HAS_CARD_CAN_UPDATE_ERRORS
3001723503-99QG,,78,HAS_CARD_CAN_UPDATE
Crecvk3TADlszIb,,69,HAS_CARD_CAN_UPDATE
Crecvk91HfYbIUG,,74,HAS_CARD_CAN_UPDATE
GYS-8jlgyl-3962958799,,72,HAS_CARD_CAN_UPDATE
jz-260706zm80-4247366698,,74,HAS_CARD_CAN_UPDATE_ERRORS
jz-74no4j-2316573726,,78,HAS_CARD_CAN_UPDATE
jz-a5ffl0-4798321259,,72,HAS_CARD_CAN_UPDATE
jz-dh3dbz-4299241452,,74,HAS_CARD_CAN_UPDATE
LZ-3507467610,,73,HAS_CARD_CAN_UPDATE
manl71a0vwi0g5ftwyx6,,66,HAS_CARD_CAN_UPDATE
GYS-pun1uz-4716509932,,63,HAS_CARD_CAN_UPDATE_ERRORS
jz-260811r2tt-2920980324,,78,HAS_CARD_CAN_UPDATE_ERRORS
jz-2608158hj3-1662206339,,68,HAS_CARD_CAN_UPDATE
jz-njhkb2-5114257976,,73,HAS_CARD_CAN_UPDATE
jz-ohz2j9-4290316851,,61,HAS_CARD_CAN_UPDATE
NSDJB-BAI,,78,HAS_CARD_CAN_UPDATE
NSDJB-HONG,,78,HAS_CARD_CAN_UPDATE
NSDJB-HUI,,78,HAS_CARD_CAN_UPDATE
NSDJB-QIANLAN,,78,HAS_CARD_CAN_UPDATE
NSDJB-SHENLAN,,78,HAS_CARD_CAN_UPDATE
NSDJB-ZI,,78,HAS_CARD_CAN_UPDATE
ZS260824eyf4-4585634071,,63,HAS_CARD_CAN_UPDATE_ERRORS
ZS260824eyf4-4585634839,,63,HAS_CARD_CAN_UPDATE_ERRORS
ZS260824eyf4-4585635129,,63,HAS_CARD_CAN_UPDATE_ERRORS
ZS260824eyf4-4585635231,,63,HAS_CARD_CAN_UPDATE_ERRORS
ZSGM01-3699719670,,78,HAS_CARD_CAN_UPDATE_ERRORS
3047144527-x0lH,,64,HAS_CARD_CAN_UPDATE
GYS-nznb1s-3126524373,,76,HAS_CARD_CAN_UPDATE
jz-260815h26t-2602076849,,79,HAS_CARD_CAN_UPDATE
jz-260815h26t-2602102123,,79,HAS_CARD_CAN_UPDATE_ERRORS
jz-260816r5ld-2597174480,,79,HAS_CARD_CAN_UPDATE
jz-gxi10h-1702201190-yin,,77,HAS_CARD_CAN_UPDATE
LZ-3153037662,,67,HAS_CARD_CAN_UPDATE
LZ-3333840615,,79,HAS_CARD_CAN_UPDATE
ZS260824eyf4-3298531580,,64,HAS_CARD_CAN_UPDATE_ERRORS
ZS260824eyf4-4585633286,,64,HAS_CARD_CAN_UPDATE_ERRORS
ZS260824eyf4-4585633327,,64,HAS_CARD_CAN_UPDATE_ERRORS
2640119112-FfXf,,73,HAS_CARD_CAN_UPDATE
3196674550-eG2t,,71,HAS_CARD_CAN_UPDATE
LZ01-3842879737,,65,HAS_CARD_CAN_UPDATE_ERRORS
SDJQRPJ_MEDIA13_1,,79,HAS_CARD_CAN_UPDATE_ERRORS
SDJQRPJ_MEDIA13_2,,79,HAS_CARD_CAN_UPDATE
SDJQRPJ_MEDIA13_3,,79,HAS_CARD_CAN_UPDATE_ERRORS
SLGDJC,,65,HAS_CARD_CAN_UPDATE_ERRORS
SLGDJJ,,62,HAS_CARD_CAN_UPDATE_ERRORS
SLGDJJSU10JIN10,,75,HAS_CARD_CAN_UPDATE_ERRORS
ZS260824eyf4-3298531483,,65,HAS_CARD_CAN_UPDATE_ERRORS
ZS260824eyf4-3298531604,,65,HAS_CARD_CAN_UPDATE_ERRORS
ZS260824eyf4-3298531634,,65,HAS_CARD_CAN_UPDATE_ERRORS
ZS260824eyf4-3298531686,,65,HAS_CARD_CAN_UPDATE_ERRORS
ZSGM01-3868529716,,78,HAS_CARD_CAN_UPDATE_ERRORS
2134037126-UGo0,,70,HAS_CARD_CAN_UPDATE
2960449980-HlGN,,78,HAS_CARD_CAN_UPDATE
Crecvk3FPvrOMyO,,77,HAS_CARD_CAN_UPDATE
jz-2608150cw2-5458803388,,66,HAS_CARD_CAN_UPDATE_ERRORS
jz-2rqa92-2995799975,,78,HAS_CARD_CAN_UPDATE
jz-63ha0a-4583466896,,66,HAS_CARD_CAN_UPDATE_PROCESSING
jz-63ha0a-4753746131,,66,HAS_CARD_CAN_UPDATE_PROCESSING
jz-a5ffl0-4798549535,,63,HAS_CARD_CAN_UPDATE
jz-dyo0tp-3198682854,,77,HAS_CARD_CAN_UPDATE
jz-gxi10h-4363777974,,68,HAS_CARD_CAN_UPDATE
LZ01-2751667945,,67,HAS_CARD_CAN_UPDATE
LZ01-3637613973,,66,HAS_CARD_CAN_UPDATE
SLGDJCSU10JIN10,,73,HAS_CARD_CAN_UPDATE_ERRORS
ZS260828lmzn-5630549913,,66,HAS_CARD_CAN_UPDATE_PROCESSING
ZS260828lmzn-5630573854,,66,HAS_CARD_CAN_UPDATE_PROCESSING
2728455332-ESa0,,66,HAS_CARD_CAN_UPDATE
3210925428-ZKWa,,65,HAS_CARD_CAN_UPDATE
Crecvk7vAFYuxlx,,79,HAS_CARD_CAN_UPDATE
Crecvk9DTGCoLK0,,74,HAS_CARD_CAN_UPDATE
GYS-fq6f2z-3199964203,,67,HAS_CARD_CAN_UPDATE_PROCESSING
GYS-fq6f2z-3199994933,,67,HAS_CARD_CAN_UPDATE_PROCESSING
GYS-fq6f2z-3199997255,,67,HAS_CARD_CAN_UPDATE_PROCESSING
GYS-fq6f2z-4744584961,,67,HAS_CARD_CAN_UPDATE_PROCESSING
GYS-pun1uz-3454554052,,75,HAS_CARD_CAN_UPDATE
jz-2608150cw2-5458646043,,67,HAS_CARD_CAN_UPDATE_ERRORS
jz-2608150cw2-5458646142,,67,HAS_CARD_CAN_UPDATE_ERRORS
jz-2608150cw2-5458749644,,67,HAS_CARD_CAN_UPDATE_ERRORS
jz-2608150cw2-5458750138,,67,HAS_CARD_CAN_UPDATE_ERRORS
jz-2608150cw2-5458750222,,67,HAS_CARD_CAN_UPDATE_ERRORS
jz-2608150cw2-5458750412,,67,HAS_CARD_CAN_UPDATE_ERRORS
jz-2608150cw2-5458750607,,67,HAS_CARD_CAN_UPDATE_ERRORS
jz-2608150cw2-5458751211,,67,HAS_CARD_CAN_UPDATE_ERRORS
jz-2608150cw2-5458751304,,67,HAS_CARD_CAN_UPDATE_ERRORS
jz-2608150cw2-5458751444,,67,HAS_CARD_CAN_UPDATE_ERRORS
jz-2608150cw2-5458751825,,67,HAS_CARD_CAN_UPDATE_ERRORS
jz-260815eqiz-376827395,,79,HAS_CARD_CAN_UPDATE
jz-mn9jc2-1671176882,,67,HAS_CARD_CAN_UPDATE_ERRORS
jz-uly3uk-2075640112,,70,HAS_CARD_CAN_UPDATE
LZ-3316195413,,76,HAS_CARD_CAN_UPDATE
LZ-3333147241,,75,HAS_CARD_CAN_UPDATE
LZ-5wxmmp-4267235912,,69,HAS_CARD_CAN_UPDATE
LZ01-1782439639,,68,HAS_CARD_CAN_UPDATE_ERRORS
SLGDJCSU10,,67,HAS_CARD_CAN_UPDATE
SLGDJCSU5JIN5,,75,HAS_CARD_CAN_UPDATE_ERRORS
SLGDJJJIN10,,75,HAS_CARD_CAN_UPDATE_ERRORS
YCXP-l342yy-4798335513,,67,HAS_CARD_CAN_UPDATE_PROCESSING
3010231266-OUQR,,75,HAS_CARD_CAN_UPDATE
ADBHEI0,,62,HAS_CARD_CAN_UPDATE_ERRORS
jz-mn9jc2-1706276890,,68,HAS_CARD_CAN_UPDATE_ERRORS
jz-mn9jc2-3289650616,,68,HAS_CARD_CAN_UPDATE_ERRORS
jz-tar3ab-3707006237,,73,HAS_CARD_CAN_UPDATE
LZ-3389888684,,66,HAS_CARD_CAN_UPDATE
QZBHEI,,66,HAS_CARD_CAN_UPDATE
SLGDJCJIN10,,76,HAS_CARD_CAN_UPDATE_ERRORS
SLGDJJSU10,,76,HAS_CARD_CAN_UPDATE
ZS260824eyf4-3298531410,,68,HAS_CARD_CAN_UPDATE_PROCESSING
ZS260824eyf4-4759970385,,68,HAS_CARD_CAN_UPDATE_PROCESSING
ZS260824eyf4-4760005065,,68,HAS_CARD_CAN_UPDATE_PROCESSING
ZS260824eyf4-4760023972,,68,HAS_CARD_CAN_UPDATE_PROCESSING
1606492393-H3Fo,,69,HAS_CARD_CAN_UPDATE
2396631427-kuYi,,68,HAS_CARD_CAN_UPDATE
3156131182-YEGy,,72,HAS_CARD_CAN_UPDATE_ERRORS
ADBBAI,,69,HAS_CARD_CAN_UPDATE_ERRORS
ADBHONG,,67,HAS_CARD_CAN_UPDATE_ERRORS
jz-gjoym9-1595789062,,69,HAS_CARD_CAN_UPDATE
jz-ohz2j9-3926158332,,79,HAS_CARD_CAN_UPDATE
LZ01-2879145528,,73,HAS_CARD_CAN_UPDATE
LZ01-3462957862,,78,HAS_CARD_CAN_UPDATE
2254781123-vK77,,70,HAS_CARD_CAN_UPDATE_ERRORS
2621600147-W63x,,74,HAS_CARD_CAN_UPDATE
3019018255-b2dx,,70,HAS_CARD_CAN_UPDATE
3056565289-X2S7,,75,HAS_CARD_CAN_UPDATE
3098319794-JjkG,,75,HAS_CARD_CAN_UPDATE
Eufy C28-15w,,78,HAS_CARD_CAN_UPDATE
DEKVHIZFXDVRLO,,73,HAS_CARD_CAN_UPDATE
LZ-f2484t-5170768053,,70,HAS_CARD_CAN_UPDATE_PROCESSING
LZ01-3395501590,,69,HAS_CARD_CAN_UPDATE
QZBLAN,,57,HAS_CARD_CAN_UPDATE_ERRORS
GYS-fq6f2z-3057497088,,71,HAS_CARD_CAN_UPDATE_PROCESSING
GYS-fq6f2z-4615922470,,71,HAS_CARD_CAN_UPDATE_PROCESSING
jz-260622urze-4717233398,,71,HAS_CARD_CAN_UPDATE_ERRORS
jz-fq6fzb-3724736665,,74,HAS_CARD_CAN_UPDATE
jz-uezs1s-4962631829,,75,HAS_CARD_CAN_UPDATE
jz-uly3uk-3967442783,,71,HAS_CARD_CAN_UPDATE
LZ-3427963436,,74,HAS_CARD_CAN_UPDATE
LZ01-3212969636,,66,HAS_CARD_CAN_UPDATE
zm-50gvam-5285587017,,66,HAS_CARD_CAN_UPDATE
ZS260828lmzn-5630031354,,71,HAS_CARD_CAN_UPDATE_PROCESSING
ZS260828lmzn-5630058742,,71,HAS_CARD_CAN_UPDATE_PROCESSING
ZS260828lmzn-5630104302,,71,HAS_CARD_CAN_UPDATE_PROCESSING
1788712848-Z5KB,,70,HAS_CARD_CAN_UPDATE
2567819118-fdJA,,79,HAS_CARD_CAN_UPDATE
3018991068-g1hw,,64,HAS_CARD_CAN_UPDATE
3299705825-PJce,,72,HAS_CARD_CAN_UPDATE
CUAXHSGAKDMBEKQ,,77,HAS_CARD_CAN_UPDATE
jz-260815am9t-820423832,,79,HAS_CARD_CAN_UPDATE
jz-gjoym9-1595796462,,75,HAS_CARD_CAN_UPDATE
1687512140-VwVs,,73,HAS_CARD_CAN_UPDATE
2673557387-m2lf,,73,HAS_CARD_CAN_UPDATE
jz-260815ixq3-3543832877,,72,HAS_CARD_CAN_UPDATE
jz-uly3uk-4686738287,,77,HAS_CARD_CAN_UPDATE
1919125420-vK3n,,74,HAS_CARD_CAN_UPDATE
192f-2,,74,HAS_CARD_CAN_UPDATE
2679821550-moyj,,77,HAS_CARD_CAN_UPDATE
jz-260707re42-2194231723,,72,HAS_CARD_CAN_UPDATE
jz-33hanu-3939001983,,76,HAS_CARD_CAN_UPDATE
ADBHEI,,77,HAS_CARD_CAN_UPDATE_ERRORS
CrecvklcYTV89im,,66,HAS_CARD_CAN_UPDATE
jz-dh3dbz-3768260047,,72,HAS_CARD_CAN_UPDATE
jz-tar3ab-3816159851,,75,HAS_CARD_CAN_UPDATE_PROCESSING
jz-ydp9z9-3189475439,,73,HAS_CARD_CAN_UPDATE
LZ-qtsoul-5148771361-4,,75,HAS_CARD_CAN_UPDATE_PROCESSING
2765429511-8Ghh,,78,HAS_CARD_CAN_UPDATE_ERRORS
2872717178-UeMT,,79,HAS_CARD_CAN_UPDATE
ADBHONG0,,64,HAS_CARD_CAN_UPDATE_ERRORS
jz-33hanu-3758650994,,78,HAS_CARD_CAN_UPDATE
jz-79kd0n-2205652432,,79,HAS_CARD_CAN_UPDATE_PROCESSING
jz-gxi10h-769385542,,62,HAS_CARD_CAN_UPDATE
jz-tar3ab-4272941250,,76,HAS_CARD_CAN_UPDATE_PROCESSING
jz-tar3ab-4272943920,,76,HAS_CARD_CAN_UPDATE_PROCESSING
JZQCGLWDIFVXPD,,75,HAS_CARD_CAN_UPDATE_PROCESSING
LZ-3292743084,,64,HAS_CARD_CAN_UPDATE
ZS260824eyf4-4759978835,,76,HAS_CARD_CAN_UPDATE_PROCESSING
1682621938-ecor,,64,HAS_CARD_CAN_UPDATE
2254903973-pRym,,76,HAS_CARD_CAN_UPDATE_ERRORS
2328992593-ho9j,,71,HAS_CARD_CAN_UPDATE_ERRORS
2624472423-HDp0,,77,HAS_CARD_CAN_UPDATE
ADBLAN,,77,HAS_CARD_CAN_UPDATE_PROCESSING
Crecvk7vA4Gz5TY,,79,HAS_CARD_CAN_UPDATE
Crecvk7x0g2nAXA,,79,HAS_CARD_CAN_UPDATE
Crecvk7x13q0hR6,,79,HAS_CARD_CAN_UPDATE
jz-dh3dbz-4244256277,,72,HAS_CARD_CAN_UPDATE
jz-dyo0tp-3209307098,,70,HAS_CARD_CAN_UPDATE
ZS01-4234434714,,77,HAS_CARD_CAN_UPDATE_ERRORS
ZS260824eyf4-4844330765,,77,HAS_CARD_CAN_UPDATE_PROCESSING
ZS260824eyf4-4844331241,,77,HAS_CARD_CAN_UPDATE_PROCESSING
ZS260824eyf4-4844331599,,77,HAS_CARD_CAN_UPDATE_PROCESSING
ZS260824eyf4-4844332102,,77,HAS_CARD_CAN_UPDATE_PROCESSING
ZS260824eyf4-4844332292,,77,HAS_CARD_CAN_UPDATE_PROCESSING
ZS260824eyf4-4844336540,,77,HAS_CARD_CAN_UPDATE_PROCESSING
ZS260824eyf4-5228989105,,77,HAS_CARD_CAN_UPDATE_PROCESSING
ZS260824eyf4-5229092512,,77,HAS_CARD_CAN_UPDATE_PROCESSING
ZS260824eyf4-5229111414,,77,HAS_CARD_CAN_UPDATE_PROCESSING
2747367191-CicZ,,70,HAS_CARD_CAN_UPDATE
GYS-8jlgyl-2712567392,,78,HAS_CARD_CAN_UPDATE
jz-6ijfoz-1745610293,,74,HAS_CARD_CAN_UPDATE_PROCESSING
jz-gxi10h-3522754906,,74,HAS_CARD_CAN_UPDATE_PROCESSING
JZQCGLWDIFVXPD-kaqi,,77,HAS_CARD_CAN_UPDATE_PROCESSING
1758927716-Phqj,,75,HAS_CARD_CAN_UPDATE
1981922283-xmrc,,79,HAS_CARD_CAN_UPDATE_PROCESSING
jz-uly3uk-2775381620,,76,HAS_CARD_CAN_UPDATE
jz-uly3uk-2775381620-cai,,79,HAS_CARD_CAN_UPDATE_PROCESSING
jz-uly3uk-2775381620-lan,,74,HAS_CARD_CAN_UPDATE_PROCESSING
jz-ydp9z9-3017949541,,79,HAS_CARD_CAN_UPDATE_PROCESSING
LZ01-3218807386,,74,HAS_CARD_CAN_UPDATE
